index,plasma_current
0,-32.13571246949253
1,-31.41356671375774
2,-32.11785232334825
3,-32.50524620359974
4,-32.321030259140315
5,-32.11378217442867
6,-33.080358015077664
7,-31.800929958367533
8,-31.976410771894805
9,-32.05310842912403
10,-31.833909947612533
11,-31.428291161005525
12,-31.272094526662606
13,-32.107954794528304
14,-30.733467258439504
15,-31.402705683376425
16,-32.303444355125514
17,-31.100429304456576
18,-32.79633431053059
19,-32.30452552402819
20,-32.84060716436602
21,-30.718491619798517
22,-32.939182584943566
23,-31.805255819547906
24,-31.01858369561025
25,-32.33996124183443
26,-32.249652058242546
27,-31.374446332407018
28,-31.76365212177182
29,-30.892818605950687
30,-31.554634700306387
31,-32.71081731482276
32,-32.71918646575553
33,-32.24010718386084
34,-31.767971800070676
35,-30.531786121462975
36,-31.226772843757434
37,-32.32752665564189
38,-31.019909089758436
39,-32.15683632218629
40,-32.48501234560307
41,-31.26078330873544
42,-32.14442026586243
43,-31.653986039018598
44,-32.68707847685074
45,-31.832993302629525
46,-31.387955121354544
47,-30.51712160553342
48,-31.907245678677768
49,-32.27262255421454
50,-30.90340368124054
51,-31.97291786338483
52,-31.543606837073387
53,-31.408026667367164
54,-31.741633455043203
55,-32.2064534071621
56,-31.88997713120397
57,-31.237357919047287
58,-31.9948424015327
59,-31.589223614925686
60,-31.699634980171872
61,-30.85542023438923
62,-31.659393069101647
63,-30.95891094505938
64,-31.2180100703919
65,-32.50248743982725
66,-31.042163276865242
67,-32.13584813119067
68,-31.809475446374535
69,-30.938641930553395
70,-31.435021923222845
71,-31.631623288364427
72,-31.492024281665984
73,-31.688625646807566
74,-31.572718879813564
75,-31.47960822534214
76,-31.971072927918982
77,-31.20365618606985
78,-32.67186850024511
79,-31.622456499755124
80,-31.318442578006795
81,-30.888653119218667
82,-32.40520677775619
83,-31.57671918693709
84,-32.15976761197864
85,-31.571223785189268
86,-31.817593405914117
87,-31.448874796095943
88,-31.72806167173733
89,-31.009934752994745
90,-31.93574055002538
91,-31.25224279531266
92,-32.69032321492694
93,-31.380893739930194
94,-31.42660041710652
95,-32.357297267603045
96,-31.253201721437193
97,-32.48081622322934
98,-32.109171083077136
99,-30.97524431768148
100,-32.02735610987251
101,-31.6217373232655
102,-31.432370060983818
103,-32.88833130302805
104,-31.897240706272374
105,-31.365887465647507
106,-33.358231690540435
107,-32.157788327961626
108,-31.752169541354636
109,-31.164104147041968
110,-32.31247254704326
111,-31.919583265043954
112,-32.36127971203756
113,-31.556962793399578
114,-32.13551394897222
115,-31.271625800477338
116,-31.468227165618913
117,-31.90590477562031
118,-32.07010323344194
119,-31.76340395133803
120,-31.9432569748797
121,-32.10797090686798
122,-32.81517165960349
123,-33.055617099638454
124,-31.914746436138273
125,-30.503712096282804
126,-32.01811208735391
127,-30.607202806952962
128,-32.18187062847801
129,-30.62587807738629
130,-31.516813774861724
131,-32.543982032004
132,-32.07184664821384
133,-31.16742448383024
134,-29.11224355706961
135,-31.78974681723313
136,-32.19502151991458
137,-33.01801370898587
138,-31.859916271409098
139,-32.18260546359074
140,-32.260541332273476
141,-33.16086198339885
142,-32.23045723772082
143,-31.80066777893268
144,-31.365432571931354
145,-32.21804118139698
146,-31.788251722608823
147,-31.738985143030767
148,-31.34609586103146
149,-32.88386350576767
150,-31.888754072019783
151,-32.72992151391196
152,-32.28195680230293
153,-32.1463766325967
154,-32.13945597802066
155,-33.732422642599374
156,-32.71314253667036
157,-32.40205965736301
158,-32.17823343010829
159,-32.20011119345661
160,-31.794492406849614
161,-33.3039771078281
162,-31.18677685335321
163,-33.26205996176817
164,-33.12905148015207
165,-32.46355189316186
166,-31.931845279514786
167,-31.272936217606894
168,-32.57833828509881
169,-31.833239223295546
170,-33.57891248495281
171,-32.2087971588784
172,-32.71388781916335
173,-31.99576090042076
174,-33.138860637307225
175,-32.75034356532233
176,-32.46205679853754
177,-31.965096694212896
178,-33.440731338969385
179,-32.97554132250547
180,-33.630412049534925
181,-32.61381730396151
182,-31.322948079677936
183,-31.77283972012038
184,-31.902924488078803
185,-32.461802240939214
186,-33.24297896312908
187,-32.380547881503595
188,-32.240948874805156
189,-34.12812482846576
190,-33.66000828166783
191,-33.31640882277507
192,-33.513488620393346
193,-31.568668365709225
194,-32.136452639742885
195,-32.62139146483891
196,-32.62043607397469
197,-32.852084623769855
198,-31.54446705788638
199,-31.752509590601402
200,-31.997241018026443
201,-32.41640498613869
202,-31.956999106956232
203,-32.05134155888577
204,-33.59126287108838
205,-33.51782561932921
206,-32.22785284814604
207,-31.574867966928036
208,-32.62620689625146
209,-31.712903865195518
210,-32.84983109762338
211,-33.44513059479594
212,-31.509695293761766
213,-33.65898197754258
214,-33.23536502321309
215,-31.672781947039027
216,-33.04434576947017
217,-32.21801184611748
218,-31.118831590044252
219,-32.737302403440694
220,-33.56172150373299
221,-31.186315683864613
222,-32.37110582817806
223,-27.932297431557256
224,-18.93544493318851
225,-14.719085467272905
226,-9.307434623780441
227,-4.007217990563262
228,3.28082813967416
229,8.726452629621427
230,11.954623316365193
231,15.71563848150523
232,22.099358909001765
233,26.385160033212863
234,27.72449116016569
235,31.561053033894936
236,34.040473149297284
237,39.71940075261122
238,42.218908618322416
239,43.738747484349965
240,45.764040665089425
241,49.4501669544991
242,50.243154908607416
243,52.31229216424022
244,53.25665323879047
245,53.96056574569127
246,57.486619634232575
247,59.378879620605716
248,61.527204982016315
249,61.80631768650642
250,60.51602833942496
251,59.06818175277388
252,60.0239675417219
253,61.34208321325437
254,61.527405267400894
255,64.49517651367131
256,72.94561926043914
257,79.36824134901381
258,86.8585876066933
259,95.77951398024315
260,119.03674371561478
261,152.35767605340246
262,147.53349879811296
263,137.22127835901782
264,136.11371306742592
265,131.4541643449505
266,121.44255006382748
267,113.18275059112993
268,105.96949008832142
269,97.67472740740284
270,90.38642428298273
271,89.66411204460539
272,87.57138546321522
273,81.97273077838082
274,80.08426795690764
275,77.02099739104594
276,74.39787442911684
277,71.65578529539772
278,72.10147899424777
279,71.29320653876447
280,68.10464001164279
281,67.68327248493651
282,65.62988279100352
283,64.42238051060004
284,62.34583050430486
285,62.41926775606403
286,61.29357187835254
287,60.03725386244211
288,58.72969959670553
289,58.85290510404795
290,59.00716608277439
291,60.39840196046312
292,59.18798407709917
293,59.7842717885833
294,59.76007787287368
295,59.55151986599198
296,59.12165647050573
297,60.9376936198268
298,61.94922680913528
299,62.93774571780082
300,63.15578780777406
301,63.03404894721993
302,63.48201365882892
303,64.1383510326467
304,65.09561869690302
305,65.0901646891152
306,64.36183346679809
307,66.64601040644565
308,65.825048294608
309,67.71801408040736
310,66.00586628893274
311,67.8077267847441
312,68.41495142055363
313,67.11137218954858
314,67.76285892087523
315,68.02890059685762
316,69.28833033889764
317,70.70913749737834
318,68.79591578404347
319,70.36865667673513
320,70.85014685852677
321,70.67848902843397
322,71.03534845005497
323,71.04956784497945
324,73.01033342274741
325,73.78153562415216
326,73.56344894718502
327,74.38522242268903
328,74.16222045562928
329,75.79745910851186
330,75.57230347398571
331,77.89671999913107
332,76.87789764939308
333,79.17814350235729
334,79.49342986184392
335,80.3847045009961
336,82.22346517359628
337,82.68719812319083
338,83.44579441022059
339,84.59566649870013
340,86.61249018180251
341,85.63122205720668
342,86.34934897594928
343,87.06589376836796
344,88.65213188628613
345,90.49783645699083
346,92.17116102790479
347,92.65229636745258
348,91.54031267007345
349,92.76412368631738
350,94.97717064878896
351,95.9656895574545
352,97.99666965638559
353,97.81548315620729
354,98.65039901469389
355,99.70800620863274
356,101.34768171913123
357,102.85053130803352
358,102.52527042776175
359,103.68256484682253
360,105.04338128560089
361,106.00737614906308
362,106.0877572989268
363,107.50779159453988
364,109.30708040226111
365,109.8373299490388
366,112.80643614116758
367,112.93763271367033
368,113.84240972029785
369,114.10879315463336
370,116.58388619962366
371,117.43889495066792
372,119.44182936833954
373,118.32174391209598
374,121.6968469766041
375,122.5231808999568
376,122.6721347046568
377,124.32939036225407
378,124.58149953326647
379,126.76790174528011
380,128.26673249719022
381,129.04329816495965
382,127.78620728618165
383,130.98523609994615
384,130.26127708764338
385,133.75323373949712
386,133.30715369530006
387,134.18746559935553
388,134.4840982735446
389,135.83406176443006
390,137.19487820320842
391,137.76670081212046
392,141.21631153897218
393,141.46665204041048
394,142.37885137761924
395,143.37396081136708
396,144.90938350664618
397,145.29917752847632
398,147.09858992643035
399,147.61868165669043
400,148.66984903950237
401,149.96059467355312
402,149.71422505282825
403,150.43965071191928
404,152.90107265959912
405,154.85629503561097
406,154.8390450180059
407,154.94565289770384
408,155.8512329228474
409,157.18403005150927
410,156.65909578945525
411,158.9707828099929
412,159.38745586621783
413,161.41442428194708
414,161.8174713804639
415,163.11037068198115
416,162.4284027524365
417,164.47595410786911
418,165.49729027145122
419,167.64277346968385
420,167.74938134938176
421,168.65415835600925
422,169.81225579358608
423,169.13321439437547
424,172.86859089309144
425,172.2317183337845
426,172.52835100797355
427,175.10367435816394
428,175.76168696697144
429,175.31256818939661
430,175.41917606909453
431,178.26656664419764
432,179.45860757258083
433,182.13285042727432
434,180.30828590607007
435,180.90469720778702
436,182.39124810058325
437,183.548542519644
438,184.25737055109056
439,184.60868677095544
440,186.62387226075808
441,186.95059978781813
442,187.71759850904357
443,188.6688638678981
444,190.63190045842504
445,191.87386035634685
446,192.477693988645
447,193.48472990848455
448,193.8812511295206
449,196.17172416385958
450,196.03323696170554
451,197.56147826192873
452,198.8119340286305
453,199.61928968064632
454,200.515871493825
455,201.51426083092912
456,200.71070234381332
457,203.19852489341127
458,203.55112430806167
459,205.08756080173367
460,207.70583177371705
461,207.76782785790283
462,208.41400741520297
463,210.03323666012162
464,210.28504515580286
465,211.39257131928036
466,211.60301399357405
467,212.7603084126348
468,214.52607175017332
469,213.69512677240022
470,214.77252104131676
471,217.66804167870336
472,217.9524232807614
473,217.59346305822302
474,220.11090202821532
475,220.36211300233458
476,220.52344146939836
477,224.14095549017156
478,223.5397016566607
479,224.73588501226885
480,227.10756275250887
481,226.21739991790102
482,226.27319237495993
483,227.78031312356882
484,229.44656873692375
485,230.04075010890364
486,232.8410807906372
487,233.05152346493085
488,233.3956533819442
489,235.10926782020707
490,236.1547746559703
491,235.94527358716417
492,239.14441607319412
493,239.44104874738318
494,240.95319722358155
495,241.61612512248158
496,241.5437996752668
497,244.10356958630723
498,244.554573031294
499,244.4525075734521
500,246.55414669679126
501,245.66398386218347
502,247.88578663187292
503,248.31557609066107
504,250.06236115686266
505,250.3236192537954
506,251.04904491288642
507,251.9333756539341
508,253.05276100560872
509,253.94159268915234
510,255.42119821462234
511,256.05772551160425
512,256.8013000523732
513,258.7970031838613
514,259.7221278792355
515,259.7299449869119
516,261.1569231806296
517,261.729642242642
518,263.75626890001814
519,264.3408210135379
520,266.69474152158074
521,267.59874566534063
522,267.3576447077306
523,268.4152519016694
524,270.05024938457353
525,271.4110658233519
526,270.6556373985196
527,272.7115911881478
528,274.1500105494389
529,276.64713198633297
530,277.9212799927392
531,276.70290785145176
532,277.2747304603638
533,279.3708002452571
534,280.13431182237946
535,279.1776323905885
536,282.11064142444445
537,282.819469455891
538,283.6819005375165
539,285.3415991507223
540,287.1685267718152
541,289.00927620417394
542,288.74615824184923
543,291.0702199247507
544,291.24358680637886
545,293.694509179188
546,292.57442372294446
547,295.37475440467796
548,296.3033472412427
549,297.11653363936404
550,297.7395896915388
551,299.3324824194194
552,300.28717839558556
553,301.63526532975624
554,302.79005270832835
555,302.50863590294995
556,303.9119218569631
557,305.3817244081594
558,306.9099657083827
559,307.0342183827809
560,308.73224408399653
561,309.9550462096432
562,310.0117351198025
563,311.5951754398682
564,314.20148977011144
565,315.2853236938845
566,316.1517736125022
567,316.0921776698951
568,317.6628884853531
569,318.4737312814718
570,318.71468682926024
571,318.2973117684032
572,320.58482811675975
573,320.9835030052622
574,322.4324982036945
575,322.8878852458848
576,323.43452829201846
577,324.0170503283046
578,324.7756466153344
579,323.36069782165555
580,327.5854597217668
581,328.24436878367464
582,328.9130808198562
583,330.0752905290096
584,332.4076981193153
585,332.7344256463753
586,332.3229747662082
587,335.01689102361394
588,335.9429121720885
589,337.94841827785024
590,337.08564193389975
591,339.2339842083014
592,341.5662410846518
593,341.94366044411817
594,342.3394088022866
595,345.34255609503504
596,348.2420955694138
597,347.9177311422425
598,348.5600425765058
599,350.01196430527216
600,349.663011185296
601,351.21158140580644
602,352.62618493716025
603,353.6671945034546
604,355.9300097215094
605,358.41783227110744
606,356.89904868283287
607,359.38687123243085
608,359.4406350814778
609,360.7586271627775
610,361.3313462247899
611,361.8366522365189
612,363.8907941170338
613,365.69020651498784
614,364.7886025128066
615,365.1569031020011
616,367.69670083506116
617,368.34573946853044
618,368.72495765321935
619,369.7134765618848
620,371.4232228771109
621,372.19999441696166
622,372.1270149213935
623,373.1981193405589
624,374.30564550403636
625,375.8167204420359
626,376.5995520488483
627,378.0790339840855
628,378.9316620914374
629,379.959942153124
630,382.3615747028266
631,383.22400578445206
632,384.0986827959598
633,384.68413136257993
634,385.0276072312399
635,385.85313813607655
636,389.4288366899683
637,390.3027089391672
638,391.13325258763945
639,392.8735117763602
640,392.7341281211057
641,394.2901206721974
642,396.4634064816479
643,395.866295075362
644,399.3754770320707
645,399.0871163285878
646,400.47025044741196
647,401.3326815290374
648,403.28480052407
649,404.9153007375052
650,405.8483908435389
651,406.1086017734158
652,407.04735242649804
653,407.7222068114899
654,409.3425622922983
655,410.8487865878067
656,412.5758982512961
657,413.97326002461944
658,414.91793485839156
659,414.92485551296767
660,415.72478883440215
661,418.06827706546886
662,417.69977380709463
663,419.50175789313874
664,421.5558997736537
665,423.7540103036387
666,423.0921942092829
667,423.13165781458736
668,425.72575811438963
669,426.52839979803787
670,429.59513715763546
671,429.5113705428472
672,428.55918838052514
673,430.7839176805486
674,431.7417089168839
675,431.76760784279685
676,432.8583856646745
677,434.1418325583768
678,434.7583956952826
679,433.46953472864385
680,434.4400554695869
681,436.11471351713755
682,436.1468783820934
683,435.12728316948784
684,437.75597926465707
685,439.1956869629824
686,438.8039094855274
687,440.03263579186404
688,439.69516088115114
689,440.33391810787003
690,441.59504732152647
691,441.72805580314264
692,444.1564307131165
693,444.7951879398354
694,443.69927315577297
695,444.7893558462752
696,443.96079431875796
697,446.5598099086528
698,447.46381405241266
699,446.76042489592265
700,449.65096441454375
701,448.9596719432022
702,448.622969895357
703,449.243551869255
704,451.64068714948877
705,452.0266325333835
706,452.46542194792926
707,452.4723426025053
708,453.1977682615963
709,453.72059547779276
710,456.6769721653138
711,456.8081687378166
712,457.4670777997245
713,459.099389922273
714,458.98022274980895
715,459.96581659736216
716,461.0397224874071
717,463.53952928465674
718,464.2073448677378
719,463.0207428143111
720,466.01046547107654
721,465.7575053252694
722,467.1406394440936
723,468.41320982532346
724,470.50490593098067
725,471.07714656051644
726,471.28758923481007
727,471.8094928741835
728,472.85722963968374
729,475.0790324093732
730,474.0500522431176
731,475.28366623363513
732,476.0017931523778
733,476.6607022142856
734,476.124496983715
735,477.285810239768
736,478.39423285634587
737,478.94829823306077
738,480.33551527375727
739,480.2036185966855
740,481.2937012871878
741,483.0849859458579
742,481.9996469989368
743,485.80783986255443
744,485.728570517235
745,485.8192330738491
746,488.45657575175375
747,487.1961454642668
748,488.44570477786823
749,490.50499797620546
750,491.05906335292036
751,491.77012131410385
752,492.5489340839241
753,493.33794980986426
754,493.5801625720186
755,493.43425303928336
756,496.3588596389437
757,497.71967607772206
758,500.30075758477443
759,499.61926808770653
760,500.9863332932141
761,501.0725000495809
762,502.9811167280733
763,504.09391155466557
764,505.882033655272
765,506.49230694242664
766,505.559674592584
767,507.1123872403195
768,508.9434461359015
769,510.44397635942806
770,510.7870973858441
771,512.0460729320341
772,512.2459397691864
773,513.1000249434078
774,512.774764063136
775,513.8384461517201
776,516.0587918545402
777,515.4634923573676
778,517.0958044799161
779,518.892637248138
780,518.6098458831009
781,519.3088709402739
782,521.005545992539
783,520.9207073087739
784,523.1985442730895
785,524.4694764610197
786,524.530184208171
787,525.5138524743454
788,525.6877498140943
789,528.258157874192
790,527.8663803967372
791,528.7949732333018
792,532.0679409748307
793,532.0743831969303
794,532.3149207240947
795,532.7606555059667
796,534.2410338943043
797,536.3856206394366
798,536.9825103736302
799,537.297441890873
800,536.8301478604772
801,538.1708124640666
802,537.8878975087969
803,539.2063680225731
804,541.8942819745773
805,540.9376025427862
806,543.5164130370797
807,543.862813966852
808,543.8258905465345
809,545.0453179655749
810,545.849634884213
811,547.1078375675354
812,548.016757001388
813,548.422375787995
814,547.2799315686834
815,549.6954533838168
816,550.5676874397161
817,551.5672941429327
818,552.2262032048407
819,551.4481022577186
820,552.2574469039462
821,553.2430407514992
822,554.8395673184796
823,555.4283792045169
824,557.9904413572106
825,557.9550160867846
826,559.2457617208354
827,559.3191989725944
828,559.351867924528
829,563.0077090333109
830,561.9761571789654
831,562.9824202359373
832,565.9477951354233
833,565.5318469857871
834,566.6817190742668
835,567.3209547334623
836,567.7172746327733
837,571.3347886535464
838,574.1914781159455
839,574.1983987705216
840,573.4003501164991
841,574.3211026018589
842,575.23732077606
843,575.9294004659066
844,578.1688480302962
845,579.0728521740559
846,578.2916754518662
847,579.9515027975535
848,581.6535473357615
849,580.5682083888403
850,583.0494739382891
851,583.6418664030139
852,584.7807084585022
853,585.3403170369734
854,584.2715757176966
855,584.6909861599211
856,585.8482805789818
857,587.8578055217358
858,588.8207268469992
859,590.1106996181823
860,589.719695003595
861,590.6167552492502
862,592.5670623351696
863,594.452664733019
864,594.7873833252395
865,596.6599028454589
866,598.4789886461251
867,597.1305564496295
868,599.6766702473133
869,601.5913586074364
870,601.9040601949421
871,603.9980999026018
872,604.7896873166321
873,606.5492018874415
874,605.8138017075651
875,606.3856243164773
876,610.9016487376553
877,610.2264490903385
878,611.4802795636465
879,611.8485801528411
880,612.2881424302545
881,612.365598519006
882,613.210384805931
883,614.9649442383943
884,616.6579422120205
885,618.0759204499805
886,617.4564502806268
887,617.2350241949507
888,619.3664945375199
889,618.2080819932664
890,621.2119346947177
891,620.6166351975451
892,621.8152666510107
893,622.5738629380403
894,621.9295680481521
895,624.0852090629023
896,625.8828095517431
897,625.7610706911889
898,627.2007783895142
899,628.2357856504066
900,629.9696724821656
901,630.4969954986091
902,631.5282020906297
903,633.4314492831795
904,636.2752592795953
905,635.6557891102416
906,635.989107162384
907,637.8677656621289
908,638.6881401068945
909,640.2541780370068
910,641.7060997657734
911,642.709791134655
912,643.115409921262
913,646.1822250123519
914,647.2770216712217
915,645.9343736120074
916,648.9105373745062
917,650.3235027125602
918,648.6385153019808
919,649.5674629807893
920,650.560000726447
921,652.2259029667798
922,653.5316439759483
923,655.5300811241511
924,656.8533433377875
925,657.7749922762475
926,657.7445947334111
927,657.91256789247
928,659.4734757336544
929,662.6681209502153
930,663.5637226597794
931,664.3636559812142
932,664.9354785901262
933,664.6632630622305
934,665.7609862514344
935,666.9350290120949
936,669.4430566572944
937,670.6294370386288
938,669.3092601799792
939,670.9223169204392
940,672.3489959080475
941,672.5106792173551
942,673.3106125387897
943,676.3017357356332
944,677.0559484254595
945,677.0796174216352
946,678.5315391504018
947,678.4098002898477
948,679.4019200148816
949,680.8372441160036
950,682.2148088963818
951,683.4466109777861
952,682.9444728282547
953,684.0104259295977
954,684.6950832888631
955,685.6113014630641
956,685.9460200552846
957,688.8281571397101
958,690.5778012820808
959,689.5947212483716
960,690.9179834620079
961,690.2980952720304
962,690.8405958909391
963,691.3508171927606
964,694.0421617620764
965,693.2320127498781
966,695.2019932385097
967,695.4789525099866
968,696.5247537761406
969,697.4165068477696
970,698.2295876944354
971,698.4897986243122
972,700.1532267863684
973,700.3990700183376
974,700.0787244281585
975,701.2146812707879
976,701.1014382790138
977,701.5789930398739
978,703.4296129006714
979,702.6157696375205
980,703.3985365967312
981,702.1877638711233
982,703.4488930847797
983,702.3369093874007
984,703.1473012006841
985,703.8018266653885
986,703.5488665195815
987,703.5506358563352
988,703.2634608940948
989,703.4116469781759
990,703.2900317078545
991,704.3848283667244
992,704.138402219208
993,703.8373120111173
994,703.5456397794082
995,704.8194984976724
996,704.7017784741104
997,705.8639881832637
998,705.7950933533605
999,706.5880827766905
1000,708.5731363719322
1001,707.8023341651585
1002,707.5012439570678
1003,708.1527306883945
1004,707.7609532109395
1005,707.9246663630279
1006,708.3642286404411
1007,709.6994474958174
1008,710.5596075646838
1009,709.5477291130505
1010,711.0588686986514
1011,711.6058651178075
1012,712.7313894490073
1013,711.4826444776336
1014,712.5047836597319
1015,713.2060386466417
1016,714.192745646194
1017,714.6265539419742
1018,714.1440891951552
1019,715.2978030355284
1020,715.1095475777911
1021,715.1164682323672
1022,715.9587474788036
1023,716.2431290808618
1024,717.3244544949243
1025,718.1194725262662
1026,718.2303416477034
1027,717.2490735231077
1028,719.4778216601233
1029,718.1745929955773
1030,719.2107148776904
1031,720.3251849392725
1032,719.8248997818762
1033,721.0476042977098
1034,722.1219598332484
1035,721.417674223658
1036,722.7227201014512
1037,722.853916673954
1038,722.3602220416401
1039,724.4493464592072
1040,725.5617879127772
1041,724.002764739005
1042,724.3634659125196
1043,725.5379266938041
1044,726.3547319470713
1045,726.1497281477341
1046,727.1140763842186
1047,726.4592056571892
1048,726.8366551723038
1049,726.1546872427591
1050,726.7470797074839
1051,727.9457111609495
1052,728.733393410253
1053,728.1434010871069
1054,727.8916007021228
1055,728.6026586633063
1056,728.8421872998738
1057,728.8107808664399
1058,729.9398857763274
1059,731.3223658467982
1060,731.2104299605178
1061,730.7020933261083
1062,731.9003067589501
1063,731.2853338590653
1064,733.336549209246
1065,733.0817771543257
1066,732.9600382937715
1067,733.1704809680652
1068,733.2439182198243
1069,734.5247934254364
1070,733.7368895040408
1071,733.6943952760557
1072,735.2636490246443
1073,734.8886198887892
1074,734.9620571405485
1075,734.6126255880956
1076,735.7074222469655
1077,734.7507428151746
1078,736.2018916810732
1079,737.4289797941099
1080,737.1037189138381
1081,736.8646480334617
1082,736.7433271935313
1083,737.1489459801385
1084,737.2181232249268
1085,737.2915604766861
1086,737.3332276405845
1087,738.2130611121634
1088,738.4349449540305
1089,737.9766508793923
1090,739.5473616948505
1091,740.156502501175
1092,739.5652218409946
1093,739.6386590927539
1094,739.2227109431178
1095,740.966280190843
1096,740.137895513971
1097,741.2463181305491
1098,742.216838871492
1099,741.8659804078184
1100,741.9408445707984
1101,742.0290000869238
1102,742.1970968362155
1103,743.5706879192039
1104,743.5265068415601
1105,745.0803457251855
1106,744.9004927016438
1107,743.919224577048
1108,744.6202383939794
1109,745.8911705819094
1110,746.5742503159986
1111,747.6866917695686
1112,747.2707436199325
1113,746.69219246436
1114,746.6398952621012
1115,749.150035491745
1116,749.3230475311293
1117,749.4493288135395
1118,750.0387962171519
1119,749.738124029685
1120,748.6198504825547
1121,750.1309900681558
1122,749.2231824388477
1123,750.2691072952346
1124,751.901419417783
1125,751.6466473628627
1126,750.5569813455295
1127,750.9380114393316
1128,750.6373392518647
1129,752.6665375973307
1130,750.9124619014779
1131,753.7127925832115
1132,752.2371579384551
1133,752.1070731704965
1134,751.7152956930415
1135,752.3667824243682
1136,752.8868067004635
1137,751.790891916401
1138,754.9055233105526
1139,754.1573936260686
1140,754.1643142806447
1141,752.3922404170692
1142,752.4656776688284
1143,752.8687247673454
1144,753.0458214723944
1145,755.6050759092684
1146,755.5454799666611
1147,754.6949546948417
1148,754.582450073982
1149,756.3145140692541
1150,754.9833071776131
1151,755.2435181074902
1152,756.3086983459657
1153,755.9965849909254
1154,756.8809157319729
1155,756.033098822367
1156,757.3314175009546
1157,756.4412546663466
1158,756.0736478610729
1159,758.0121589371747
1160,756.2003239205783
1161,755.8085464431233
1162,756.6102916736713
1163,756.5576410983904
1164,756.4289568705099
1165,756.421336111365
1166,755.6519924406823
1167,756.5242264965816
1168,756.5109953159688
1169,756.2724028680691
1170,758.0889816282465
1171,757.9098237360804
1172,757.8525713954757
1173,756.9501945304269
1174,757.2590412350569
1175,757.2099037842986
1176,756.9757481940148
1177,758.0832743574922
1178,755.9995888148817
1179,757.2332028053993
1180,756.4406711382601
1181,756.1039690904149
1182,753.7644215844134
1183,755.6566145073452
1184,757.6343693622384
1185,757.8522343671132
1186,757.2736832115406
1187,756.9075033174877
1188,756.9311723136636
1189,756.799275636592
1190,758.2628122487454
1191,758.0574550763858
1192,758.2851230555345
1193,758.7572584393247
1194,756.3581397034661
1195,757.408677939846
1196,756.3975785960204
1197,757.613311764108
1198,757.7617351106876
1199,757.1166673579316
1200,756.7698074935688
1201,756.7076398628715
1202,757.3463970895905
1203,757.913191970913
1204,759.6697800113884
1205,758.3809190447496
1206,759.5642606927065
1207,758.6740978580985
1208,758.2823203806436
1209,758.5830954820576
1210,758.8954553112103
1211,759.6913697956525
1212,758.8669506953602
1213,758.7350540182886
1214,759.2071894020787
1215,758.4598627361108
1216,759.0946011258377
1217,759.638796074114
1218,759.7235042943898
1219,759.3909446737696
1220,758.5742423344495
1221,757.5092323078154
1222,757.3578359438452
1223,757.4409024540644
1224,758.5664267852644
1225,759.6612234441343
1226,758.6174575593475
1227,759.55877990052
1228,758.9382376621893
1229,759.0876094875127
1230,758.2343468296938
1231,759.9146152987123
1232,759.6643405132609
1233,759.9767003424133
1234,759.5450250378137
1235,758.9664738822412
1236,760.3697598362544
1237,759.3706108892286
1238,761.5062236590227
1239,760.9033247461705
1240,761.7333899621658
1241,760.7709263930935
1242,760.2804705811138
1243,759.9492855201522
1244,759.790770073042
1245,761.3190113732653
1246,761.1351395127313
1247,759.4917251642862
1248,759.5235893539109
1249,759.6491755049458
1250,759.1382540985553
1251,761.0656719632861
1252,759.2935980997108
1253,759.7587881161746
1254,758.2831534714182
1255,758.638200983926
1256,757.8387254186825
1257,758.4351367203994
1258,758.9086726442674
1259,758.8294032989481
1260,758.9225139534196
1261,758.5242105984839
1262,757.9106122582575
1263,757.8268456434694
1264,758.2522515050541
1265,759.0700656489187
1266,759.4756844355256
1267,759.1602265295273
1268,757.6155710536627
1269,756.8798160315425
1270,758.2414354888369
1271,758.9927330355183
1272,759.7926663569529
1273,759.301201654376
1274,760.0364302877406
1275,758.958690756499
1276,758.9656114110751
1277,759.8492866345475
1278,758.8720373469441
1279,759.6921225035676
1280,759.4215822106614
1281,757.8031113972652
1282,758.604856627813
1283,757.4847711715695
1284,759.4117106038234
1285,758.5547183971544
1286,757.9096506443987
1287,758.9914285105187
1288,757.09292506155
1289,757.2686212265214
1290,757.2861177182385
1291,758.5439023809374
1292,760.2418156446563
1293,758.1836342508634
1294,758.0644670783993
1295,757.3332093257482
1296,758.0940355425148
1297,759.2926669959804
1298,757.5080784266329
1299,758.6702881357862
1300,758.2203964953437
1301,757.2877641455011
1302,757.2946848000772
1303,757.3681220518363
1304,758.9562763402696
1305,757.8646475435971
1306,757.2514672239947
1307,756.6803383990032
1308,758.4507294822849
1309,756.7471014702985
1310,758.5234879729408
1311,758.1317104954858
1312,758.1715657502709
1313,758.9627351436775
1314,758.4970187384581
1315,759.155927800366
1316,760.2507244592359
1317,760.3102724455641
1318,760.315381191027
1319,759.5257086000572
1320,758.4676424715278
1321,760.436633398393
1322,759.3004790288328
1323,758.745713547549
1324,760.3956704647978
1325,760.1523395774509
1326,759.569769584886
1327,760.066493661481
1328,760.5717996732099
1329,758.8219839843275
1330,758.3677087466817
1331,758.6206209362101
1332,759.6917253553756
1333,758.6586329175434
1334,759.393861550908
1335,758.6349200015534
1336,758.4268774688383
1337,758.3120825063886
1338,758.8350333128178
1339,759.1050472169684
1340,758.2806281166761
1341,757.5477996248901
1342,757.705751641555
1343,758.5472580251239
1344,759.3673431817474
1345,758.5143698120705
1346,758.9199885986775
1347,757.8390332489598
1348,757.6138776144337
1349,756.8445339437512
1350,757.042247113437
1351,757.0733384401942
1352,757.5053013019281
1353,756.6567115294547
1354,757.6518209632025
1355,757.3392895875384
1356,756.7198194181847
1357,755.8471000565521
1358,757.6636788167298
1359,758.00236298553
1360,757.4981687783454
1361,756.4544028935586
1362,756.1422895385183
1363,754.1666936552253
1364,757.0532143368541
1365,756.291824689642
1366,756.5884573638311
1367,755.7358487543654
1368,755.0980797419581
1369,756.0069991758105
1370,755.6516434426678
1371,754.9163668530246
1372,754.819216685275
1373,755.5196988093173
1374,755.4601028667103
1375,754.2377584972546
1376,754.3348879887183
1377,753.666127996258
1378,753.5024612313255
1379,753.9412506458714
1380,754.5767920541143
1381,752.6139256754288
1382,753.0169727739458
1383,752.5725679647383
1384,752.909098466072
1385,753.593225367217
1386,753.2749083850497
1387,753.0783070199082
1388,753.7001773308405
1389,752.5243213136118
1390,752.9835569937375
1391,753.3271564526301
1392,754.2034093455215
1393,751.3508818082335
1394,751.932925412043
1395,752.3388990408939
1396,751.9964113865456
1397,751.7263495261163
1398,752.5262828475509
1399,753.1927649539953
1400,751.8457898243689
1401,751.1415042147785
1402,751.6245571940631
1403,751.3044476316136
1404,751.2371286830939
1405,752.0795315197633
1406,751.5039054253032
1407,751.2719035024857
1408,749.4457007879819
1409,750.6443322414473
1410,750.1282788460655
1411,750.7246901477824
1412,751.0879630093873
1413,748.4675239385922
1414,748.3530937363539
1415,747.258512428928
1416,746.2944106665559
1417,744.6777517622727
1418,743.4169666325417
1419,741.507887346432
1420,741.0503962903099
1421,739.5795632633806
1422,736.2533514992415
1423,736.4819995820044
1424,732.1915902099363
1425,732.0580553395648
1426,729.7963519260543
1427,728.9103315186715
1428,726.0674833654246
1429,725.263510530712
1430,723.8569641712288
1431,723.6943364525421
1432,721.1644144520544
1433,720.9678130869127
1434,719.2819292232327
1435,717.6974320562911
1436,715.8033122045258
1437,715.4977247269665
1438,715.2513551062416
1439,714.091153654733
1440,713.7001791957941
1441,712.267585607415
1442,711.3532521006259
1443,710.4049751030307
1444,708.196920207909
1445,705.349838418834
1446,706.29297266912
1447,704.6321559307214
1448,704.3590439497254
1449,701.8483773313262
1450,701.3185855407394
1451,700.8806203863885
1452,697.209777029231
1453,695.6303075898788
1454,693.8381459759946
1455,694.4472867823192
1456,691.7330981442024
1457,691.494027263826
1458,689.2235680430977
1459,688.387707775232
1460,685.5372865774482
1461,684.1639108459037
1462,683.2930033933844
1463,682.6479356406287
1464,680.4497771543649
1465,679.7123209168356
1466,678.5023512097439
1467,676.8351210313615
1468,675.2880544993293
1469,675.0498800720534
1470,674.1919914122839
1471,672.59039253072
1472,670.63705482212
1473,668.2170754730851
1474,668.2174702501804
1475,667.3465627976611
1476,665.6365082617999
1477,665.997209435315
1478,665.60800364595
1479,663.837741691488
1480,661.7922898023028
1481,659.9759575162373
1482,659.5242539666817
1483,658.5927540976691
1484,654.9982303119682
1485,656.5779151027643
1486,655.1224322931969
1487,653.6226269762592
1488,650.720331183388
1489,651.6863546548623
1490,650.935009151902
1491,650.3013825667197
1492,646.6305392095621
1493,645.7354610848618
1494,645.3195129352257
1495,643.0441384244048
1496,643.5982038011196
1497,641.5330785092222
1498,640.8839919194743
1499,639.6813209527309
1500,637.4108617320028
1501,635.9800800527369
1502,636.8589046337183
1503,636.7747199983064
1504,635.07366367441
1505,633.7725886773303
1506,631.7046043092637
1507,630.9930199593248
1508,630.102857124717
1509,630.4832317009439
1510,628.2926726303599
1511,627.379142142087
1512,624.7961747892232
1513,624.0342534491219
1514,622.1130774778635
1515,623.0170816216234
1516,622.0845728620136
1517,620.6701846821036
1518,619.7800218474958
1519,617.402388423463
1520,616.1826157420976
1521,615.7001509952784
1522,615.0327655624767
1523,615.3767830419931
1524,613.2940129553954
1525,611.7236722042824
1526,610.1043049377854
1527,608.6483436957412
1528,607.8155221612533
1529,608.2211409478605
1530,607.9747713271356
1531,607.416372006752
1532,605.9362400925265
1533,603.4030409952459
1534,602.7101103306045
1535,602.3621769280428
1536,602.0533095471271
1537,599.1732719289491
1538,598.8620239043407
1539,597.3753014650331
1540,596.4133533701274
1541,596.8651598336303
1542,594.1245705935951
1543,594.4695969637089
1544,592.6533882678764
1545,591.9331588044236
1546,591.0845690319502
1547,589.537502499918
1548,589.019637195423
1549,588.9600412528159
1550,587.6130661231896
1551,587.3119759150989
1552,586.1636075150977
1553,585.1297120587494
1554,584.9678572029302
1555,583.8605012512944
1556,583.6737028604266
1557,581.1572521047458
1558,580.4954360103902
1559,580.9137843016049
1560,579.4164860251558
1561,578.3238483378864
1562,578.6319221796487
1563,577.254527611112
1564,576.2400888585776
1565,575.5285045086387
1566,574.6872134765135
1567,572.2259617406755
1568,572.386989532408
1569,571.2669040761643
1570,571.0165156184473
1571,570.1066793811274
1572,569.149103496236
1573,568.2343519688234
1574,565.8584872143645
1575,568.134834955543
1576,566.3214240575628
1577,567.1410307817098
1578,566.6258738394283
1579,565.8071152861846
1580,564.5253232771049
1581,563.2144453057515
1582,563.2878825575108
1583,562.8961050800558
1584,618.1729250133033
1585,706.0754081190321
1586,711.2483424404111
1587,700.3940120397358
1588,678.555546324013
1589,658.4404183288686
1590,689.1137711703541
1591,679.711453542242
1592,616.7461523537863
1593,582.2972234108995
1594,550.7912488601032
1595,520.0962273039481
1596,486.6364513662466
1597,414.3453184173452
1598,372.43834569745883
1599,323.0151387824852
1600,229.64721480779832
1601,186.1196634681609
1602,151.12660540384402
1603,119.19036561741997
1604,61.21030355739893
1605,47.01018071760199
1606,38.29081835003624
1607,32.35325112624097
1608,23.24351532934751
1609,20.712251731412962
1610,16.335477018143838
1611,11.34905982254492
1612,8.289552042316139
1613,5.42125626704269
1614,3.894126771363868
1615,2.542359941877762
1616,-1.0735638418743614
1617,-0.7344616524504923
1618,-2.4111112764360287
1619,-3.737757485774961
1620,-4.5364554124323435
1621,-5.992416654476625
1622,-5.782897557006
1623,-5.741347738400099
1624,-6.427334504936934
1625,-9.319690258687384
1626,-8.968969816591734
1627,-10.12735935898699
1628,-8.764215380658296
1629,-10.493819728998883
1630,-11.612571708605852
1631,-13.804708404366348
1632,-14.08359460467656
1633,-14.428642559926036
1634,-14.36355121557111
1635,-14.024449026147241
1636,-14.89878709597819
1637,-17.326038814218666
1638,-15.33737448464117
1639,-17.283643235682018
1640,-18.078081155368746
1641,-17.630116443759707
1642,-18.096401583558166
1643,-18.969162028212704
1644,-18.559159644402268
1645,-19.08537085630152
1646,-20.162307369027015
1647,-19.897712841946667
1648,-20.503588176260525
1649,-21.297102519124234
1650,-23.28571719516707
1651,-23.253971820056524
1652,-22.47382557359968
1653,-22.475250826427935
1654,-23.82264397667794
1655,-24.940499503184494
1656,-24.785120871311523
1657,-24.795845011435805
1658,-24.829040352124768
1659,-26.09115895849224
1660,-25.343947312244556
1661,-26.437632166569973
1662,-27.18360818358744
1663,-25.854505305878423
1664,-27.07415439701111
1665,-26.329828198075482
1666,-27.111901373365747
1667,-27.60336607594258
1668,-27.026263416726657
1669,-28.412127482900356
1670,-29.826037230333505
1671,-29.19207170347442
1672,-29.621393488104182
1673,-29.046999191101996
1674,-29.990425546206197
1675,-28.246200780905696
1676,-29.722752116443697
1677,-30.130828290004693
1678,-31.351020461215583
1679,-29.998549929841488
1680,-29.912738015718503
1681,-30.684462330093503
1682,-30.592726235280637
1683,-30.100917448778233
1684,-31.115356201312764
1685,-31.624342108357162
1686,-31.31998642825574
1687,-31.28889510149857
1688,-32.659562470829286
1689,-31.571823382329463
1690,-32.60956747661301
1691,-33.31599536648093
1692,-33.32659591637241
1693,-32.75757110531279
1694,-32.280721753155106
1695,-32.550783613584386
1696,-32.38162144690412
1697,-33.22686666841976
1698,-33.423468033561335
1699,-34.251905970845826
1700,-33.92553328602966
1701,-34.74124171870647
1702,-33.305088227925566
1703,-35.421708370745264
1704,-34.052489497771276
1705,-34.72732438487679
1706,-34.74534726534953
1707,-34.007068511418
1708,-35.63338114524114
1709,-35.00734203594083
1710,-34.23807230195642
1711,-35.14352494207306
1712,-35.79338439468867
1713,-36.056502357013386
1714,-35.52660765247964
1715,-36.151523570046486
1716,-35.05991635850992
1717,-37.159788159729686
1718,-37.227375167497186
1719,-37.540261385405145
1720,-36.59151671365148
1721,-35.72985849489364
1722,-36.05031775733824
1723,-37.1660196163784
1724,-36.465537492336104
1725,-37.14779471002287
1726,-37.26181056466465
1727,-37.21104583519522
1728,-37.66495631262987
1729,-38.065079697489054
1730,-38.285373302335074
1731,-37.81323791854493
1732,-38.40596572762735
1733,-38.63218351316323
1734,-38.06538863184063
1735,-38.2619899969822
1736,-37.5698537803442
1737,-38.506204291847865
1738,-38.70280565698944
1739,-38.1681725130083
1740,-37.80489965140332
1741,-38.52050283833449
1742,-38.83723769417783
1743,-39.04813930306195
1744,-37.745437027271116
1745,-38.963397799523285
1746,-38.71048560999483
1747,-39.35957219974283
1748,-39.46256123440781
1749,-39.260464467518396
1750,-37.97486390634966
1751,-39.0208367190153
1752,-38.94482777916598
1753,-38.61887311497354
1754,-38.67846905758066
1755,-39.86068751380395
1756,-37.942093988954085
1757,-39.45649398002517
1758,-39.65309534516676
1759,-40.65146518438467
1760,-40.82389587734513
1761,-38.59338244004021
1762,-40.18622551438612
1763,-40.40699755170885
1764,-40.40549627420303
1765,-39.83110197720083
1766,-41.979492207881265
1767,-39.67102100581976
1768,-40.89156655005287
1769,-40.11543914058822
1770,-41.39589767303137
1771,-40.145344296516186
1772,-41.54509762812066
1773,-40.93080550397379
1774,-40.90152608632993
1775,-40.62712858497592
1776,-40.272201630775186
1777,-41.720085024663156
1778,-41.31446623805615
1779,-39.383946227114606
1780,-41.49141744401397
1781,-42.10783749280082
1782,-40.06988334011681
1783,-41.08419850241857
1784,-41.867842416843686
1785,-41.769580444550016
1786,-42.57715776865801
1787,-40.932116141501766
1788,-41.77071189530382
1789,-41.25383598351988
1790,-41.07632790943535
1791,-41.92491768190875
1792,-42.787329265648026
1793,-42.38171047904103
1794,-42.84000455367911
1795,-42.69169487936516
1796,-42.86412557232561
1797,-41.96512278501224
1798,-41.517452503794125
1799,-42.42526013310226
1800,-43.111121840184595
1801,-41.70423139677584
1802,-41.950601017500674
1803,-41.249222440358
1804,-42.39851441718231
1805,-43.268348331502814
1806,-42.41321599022577
1807,-41.90790997849685
1808,-42.7871633384204
1809,-42.55626815360665
1810,-42.40847395345938
1811,-43.398087985459455
1812,-43.00391036642587
1813,-43.09375554888651
1814,-42.67103504765739
1815,-42.09664075065519
1816,-42.9443340700282
1817,-42.88918574335534
1818,-43.19399411310703
1819,-43.051115203052355
1820,-42.71895691173304
1821,-42.95790420187663
1822,-43.11215964201619
1823,-43.60841604445285
1824,-43.083940716989304
1825,-43.421415627702146
1826,-42.449998433658706
1827,-43.37747946567907
1828,-43.558779638122815
1829,-43.68308026879977
1830,-43.66214675856016
1831,-44.448238770842636
1832,-42.49354808771994
1833,-42.174119301008325
1834,-43.664348619898306
1835,-41.90260411935195
1836,-44.467690649785865
1837,-44.19072146034172
1838,-44.27696215340678
1839,-43.96733634096883
1840,-42.99103146274432
1841,-44.64424878546319
1842,-44.67786214677588
1843,-45.00055133895752
1844,-42.77436497206466
1845,-43.70329315298709
1846,-43.09415234666247
1847,-43.66528117165389
1848,-45.473890451806895
1849,-43.351296474762705
1850,-44.91546472141705
1851,-43.882801062526966
1852,-43.07848414388899
1853,-43.40776386115297
1854,-44.03780986764794
1855,-43.493373749393164
1856,-43.23059113142613
1857,-44.19603449124507
1858,-43.77109567494803
1859,-44.96861532386916
1860,-44.65320537414975
1861,-43.93999374549977
1862,-44.136595110641345
1863,-45.03733378239045
1864,-45.271124612462984
1865,-42.825347312535854
1866,-42.565136382658956
1867,-43.77510608975078
1868,-43.943956204023834
1869,-43.39550124877685
1870,-43.65569268076755
1871,-43.55743070847386
1872,-44.306204523343766
1873,-45.02759184755638
1874,-45.880200457022
1875,-45.17480304288711
1876,-44.062893282206176
1877,-44.848985294488635
1878,-45.097735558905896
1879,-44.88290928740879
1880,-45.478208784581355
1881,-43.590034698641816
1882,-44.11338683437194
1883,-44.30268945916508
1884,-43.834272237035975
1885,-44.903786419180264
1886,-44.96338236178737
1887,-45.14725422232125
1888,-44.04807396624801
1889,-44.182177571198636
1890,-38.54312337704353
1891,-38.00154633495789
1892,-37.233500446676636
1893,-37.32189480720811
1894,-37.55976855915293
1895,-37.64600925221798
1896,-36.71560450653995
1897,-36.66633792696189
1898,-37.63359319589413
1899,-38.402040413476286
1900,-37.214326555505174
1901,-38.592199556518516
1902,-38.5271082121636
1903,-37.57253279430442
1904,-38.462695628912236
1905,-38.299728968548706
1906,-37.50685321748416
1907,-37.61276731326146
1908,-38.207648789810285
1909,-38.59504267006177
1910,-38.978417713321065
1911,-38.4485230087873
1912,-37.913889864806194
1913,-38.99047300450951
1914,-37.64128237649165
1915,-39.364355705102625
1916,-39.172129366651816
1917,-38.31804419243059
1918,-38.744568179207945
1919,-37.7992270010433
1920,-37.51261546924825
1921,-38.16748619627771
1922,-38.48871832158995
1923,-38.39560766711852
1924,-38.78557323546015
1925,-37.5371735264114
1926,-37.98706516685384
1927,-38.37627095621863
1928,-37.314644925287595
1929,-38.49720513986401
1930,-37.69288822122603
1931,-37.68596756664999
1932,-37.88256893179157
1933,-37.98848302756886
1934,-39.335458157195156
1935,-39.62274679170102
1936,-39.80259981524269
1937,-38.948514641021475
1938,-38.94159398644544
1939,-38.9474028364771
1940,-37.83057778570355
1941,-39.3520467343337
1942,-39.46975683992832
1943,-38.58748215653376
1944,-40.035365550421716
1945,-38.72208743748958
1946,-39.417074159784036
1947,-39.31881218749035
1948,-39.29221813020207
1949,-39.52637372048586
1950,-40.370579895755824
1951,-39.71167083384796
1952,-38.38695155334239
1953,-39.552421667965774
1954,-38.10884584660367
1955,-39.759204093153414
1956,-40.038390968794815
1957,-38.748418197611656
1958,-39.53049137290192
1959,-40.02195607547876
1960,-40.16878918503709
1961,-38.91585516482949
1962,-38.23054550100346
1963,-39.07913527347688
1964,-39.00312633362754
1965,-39.59842583080009
1966,-39.39632906391071
1967,-40.28649189851851
1968,-38.58509149069669
1969,-38.64287552419051
1970,-38.18089795691792
1971,-39.673280943274314
1972,-39.62401436369626
1973,-40.47260413616968
1974,-40.27050736928029
1975,-39.864888582673274
1976,-38.74369132188532
1977,-38.9275631824192
1978,-39.15262120713202
1979,-39.060885112319156
1980,-39.67225352280836
1981,-39.610133848389815
1982,-38.5046637425654
1983,-40.79748172636152
1984,-40.40459244436221
1985,-40.66771040668695
1986,-39.08567062669928
1987,-39.09639476682355
1988,-39.65437606658355
1989,-39.4719527024064
1990,-39.58236406765259
1991,-39.778965432794166
1992,-39.62663692148803
1993,-39.383527706233224
1994,-39.09781262753857
1995,-38.692193840931566
1996,-39.387180563226025
1997,-39.15933549897912
1998,-39.867051725881275
1999,-39.48344994398898
2000,-39.350441462372885
2001,-40.24060429698069
2002,-39.449016882950424
2003,-40.235108895232884
2004,-39.23999946148499
2005,-39.02517318998791
2006,-39.53026385027287
2007,-39.58313259367407
2008,-39.905821785855714
2009,-37.825043275692956
2010,-39.95009463969114
2011,-39.81994523424418
2012,-39.30534033521922
2013,-40.0817529634608
2014,-39.044174014478095
2015,-37.876206148462735
2016,-38.46748680864307
2017,-38.81434667300585
2018,-39.201740553257345
2019,-39.22799052662007
2020,-39.34827232030482
2021,-38.76860936018782
2022,-38.668771506510474
2023,-39.7099657032071
2024,-38.340746830233094
2025,-39.45207647925883
2026,-39.02005709073368
2027,-38.44074750363886
2028,-37.65173177769873
2029,-38.21462836755133
2030,-37.94199616648659
2031,-39.102197617995174
2032,-39.184505696692305
2033,-39.4403249186686
2034,-38.64873750463834
2035,-38.64911559041074
2036,-37.837499931424325
2037,-39.95770065293142
2038,-39.3810764261922
2039,-39.29888336721516
2040,-39.18478850933447
2041,-38.77916972272746
2042,-38.81326151651685
2043,-38.49383272980523
2044,-38.26679242786708
2045,-37.566310303824814
2046,-39.07446152816672
2047,-38.36768955437326
2048,-37.716079232813826
2049,-37.85323295833128
2050,-39.27652765941439
2051,-37.661317251487965
2052,-38.668812105918
2053,-38.196676722127854
2054,-38.9209905766745
2055,-37.2793795668299
2056,-38.18718719613803
2057,-37.78156840953103
2058,-37.708131157771845
2059,-38.85993017508477
2060,-38.45431138847776
2061,-39.04961088565031
2062,-38.511313746920905
2063,-37.85240468501304
2064,-37.44678589840602
2065,-37.178172534333484
2066,-38.50044653365809
2067,-38.137173672053095
2068,-38.64136787923765
2069,-37.1949329817064
2070,-37.41570501902911
2071,-37.609858286313354
2072,-37.38359084724282
2073,-37.528043313108725
2074,-37.30177587403819
2075,-38.19193870864601
2076,-37.147061019314876
2077,-38.40579009139269
2078,-37.38428005572664
2079,-36.96722010154622
2080,-36.12055725790621
2081,-37.43436175959374
2082,-37.312165142848585
2083,-36.635853690987446
2084,-36.163718307197286
2085,-37.636427890841446
2086,-35.556002753700895
2087,-37.817706167211355
2088,-37.41208738060435
2089,-38.31497971981986
2090,-37.012277444028996
2091,-37.462169084471455
2092,-38.55585393879687
2093,-37.70176876457566
2094,-38.26064651743606
2095,-36.41551348787385
2096,-37.40951111707736
2097,-37.41531996710902
2098,-36.814525068188665
2099,-35.54062121032218
2100,-35.86331040250382
2101,-36.42129170226382
2102,-37.805585029302655
2103,-37.2611489110479
2104,-37.459562185302765
2105,-38.740020717745914
2106,-37.387132165748085
2107,-37.470513782644026
2108,-36.47540434889615
2109,-36.02091375980629
2110,-38.585103837139805
2111,-36.79516982742011
2112,-36.905581192666304
2113,-37.12635322998901
2114,-35.98535750703431
2115,-36.80205984635445
2116,-36.669051364738365
2117,-37.01591122910113
2118,-36.83941204561384
2119,-35.65169818764275
2120,-38.063181667897695
2121,-36.36393492754231
2122,-36.56053629268387
2123,-36.55361563810785
2124,-36.14799685150083
2125,-36.74329634867339
2126,-36.228815039881205
2127,-36.873882792636984
2128,-31.80275939139659
2129,-26.60312643640175
2130,-18.250067151916014
2131,-12.638238839663668
2132,-8.522369617386044
2133,-2.8732231077211416
2134,4.368922889969831
2135,8.401433738880058
2136,12.57902785848104
2137,14.783672386756983
2138,22.051446123498472
2139,26.208232890335474
2140,27.68638134893606
2141,31.614048512653312
2142,34.778274290304054
2143,38.56887950469546
2144,41.66196093941982
2145,43.95874980392945
2146,47.61054760464044
2147,49.147258402500675
2148,51.62053953837765
2149,51.3475922306363
2150,55.243612896725594
2151,55.34080945163064
2152,58.33047411238302
2153,60.29062525559789
2154,62.071096189451836
2155,63.01626028251809
2156,64.18896809732043
2157,65.84376257316958
2158,70.19734719244407
2159,73.17715281194691
2160,74.83486243094106
2161,78.80098027290092
2162,90.34651816135498
2163,96.10429874775731
2164,100.56585664807663
2165,111.2498931912685
2166,132.43121447439745
2167,146.1519733951919
2168,163.89665719329815
2169,183.62513597253363
2170,185.0796157467215
2171,193.1842442285787
2172,193.2814688492108
2173,190.6757594299709
2174,185.47086137220228
2175,180.24021221051277
2176,176.58065650040976
2177,171.18357998068362
2178,164.29755179339867
2179,159.62498258358931
2180,154.79881032360097
2181,148.47824971277285
2182,142.2974865372069
2183,139.89329899073698
2184,140.10234112495263
2185,134.02466866809763
2186,129.36371771096006
2187,132.1124299515385
2188,128.0152211879139
2189,125.6897642690682
2190,125.587659197426
2191,123.1399549686655
2192,120.8762229471431
2193,121.5031209856649
2194,121.4958154549636
2195,120.65678180221678
2196,119.53737577425647
2197,119.2302901468056
2198,119.60561383481858
2199,118.08971569385612
2200,118.83188969454706
2201,118.16995000995858
2202,118.73524674138982
2203,117.66333795625377
2204,118.1708753669414
2205,117.04950671591236
2206,119.10318949278161
2207,119.17832795995001
2208,118.83968352671718
2209,117.13963609341816
2210,118.18724926868563
2211,117.50820786947506
2212,118.62413646714819
2213,118.50731289668664
2214,118.86229576159283
2215,120.831581118849
2216,121.0917920487259
2217,121.57987275559992
2218,120.9570631775373
2219,119.4876944718238
2220,120.80546985422482
2221,122.74948709039295
2222,126.19945265948851
2223,125.21818453489271
2224,124.68758972578999
2225,124.70723988497372
2226,128.3252843638675
2227,127.64582494403317
2228,126.69930332875975
2229,128.42886309010655
2230,128.41161307250144
2231,128.64723530957352
2232,129.4515522282115
2233,129.8705446498122
2234,131.9256954209244
2235,132.45594496770207
2236,134.46055462036344
2237,133.89019865823965
2238,134.25107691685287
2239,136.05293741266422
2240,135.31753723278808
2241,135.8130402702433
2242,137.19587371373638
2243,139.64152742343072
2244,141.32874125977546
2245,141.33094794598395
2246,141.79970862316796
2247,143.25163035193432
2248,145.53370095207768
2249,146.78495973729554
2250,147.52633071947042
2251,149.54538433230985
2252,150.50780331438844
2253,152.28933488991245
2254,155.9693466708766
2255,155.64227388149152
2256,156.72744128190118
2257,157.9512522981451
2258,158.86017173199764
2259,160.81047881791685
2260,163.19938186301175
2261,164.95889643382105
2262,166.63623984172722
2263,167.54101684835473
2264,168.1999259102626
2265,169.1039300540225
2266,172.06107960441113
2267,173.88418424206958
2268,176.11738303973013
2269,177.08575011320673
2270,178.60484395673132
2271,178.86505488660822
2272,181.98394114548148
2273,182.18213274764415
2274,184.5942044603644
2275,186.21503837364955
2276,188.04106954164203
2277,187.9273481173912
2278,190.60211454416373
2279,192.97365224099528
2280,193.715146813403
2281,196.3937618781109
2282,197.86344083907446
2283,199.34999173187063
2284,198.7546922346981
2285,200.6718286926786
2286,205.1455071888546
2287,203.98092214014258
2288,206.82359874687813
2289,207.26226457119117
2290,208.5354904699961
2291,211.85879520168734
2292,212.05248953438115
2293,214.54433092097128
2294,216.7825574462213
2295,217.95749665998233
2296,220.09555752763367
2297,219.82006490294518
2298,223.9407658986984
2299,225.2390845772858
2300,226.4012942864392
2301,228.28689668428856
2302,230.22045689782962
2303,230.4605159925176
2304,232.0928281150661
2305,234.25595610799905
2306,236.638131953888
2307,238.58372507143972
2308,238.80069362321427
2309,241.48086065859758
2310,242.7218380370651
2311,245.0303092391266
2312,247.08960243746384
2313,247.25769918675547
2314,248.96064017806373
2315,252.4593240291233
2316,252.84584095416062
2317,253.89357771966087
2318,255.32055591337848
2319,259.132443027949
2320,259.3926539578259
2321,260.33140461090824
2322,264.1782153198995
2323,264.52911351914065
2324,265.76764279975083
2325,267.6558168856904
2326,269.6735370218932
2327,271.1530189571304
2328,273.2915582572585
2329,274.11708916209517
2330,277.0902141912161
2331,279.0910925512346
2332,279.05486426229265
2333,280.70482117954145
2334,282.3652926556149
2335,284.79869529317824
2336,286.62964175126336
2337,287.7129972425597
2338,291.75480697876594
2339,291.59766609131435
2340,293.66968879425923
2341,294.6380558677359
2342,296.6735332361358
2343,299.23044407100707
2344,300.1393635048596
2345,301.04169241362973
2346,302.69636329924606
2347,304.5223944672386
2348,306.6240335905778
2349,305.8759039060939
2350,309.86466828992405
2351,313.06369710368864
2352,313.1087036762961
2353,315.20441861894545
2354,318.27621482880073
2355,317.57642648867915
2356,319.7104685193383
2357,321.89069822689333
2358,324.78055831723117
2359,325.0584140418084
2360,326.94803527665005
2361,328.1122750630371
2362,330.1156275013323
2363,332.18765020427725
2364,334.1394143570659
2365,335.1926379538013
2366,336.6737580823383
2367,338.2897413531323
2368,341.92063892686656
2369,342.3883907134533
2370,344.98428391945635
2371,348.068122993676
2372,348.8192969501246
2373,349.8572307413512
2374,353.6858661975216
2375,354.97416373371505
2376,358.9229628362356
2377,360.31686383659877
2378,360.8195981602376
2379,363.7555337244276
2380,364.5613912265521
2381,365.11533301303416
2382,369.6979976216281
2383,372.08097648603314
2384,372.9042774611327
2385,375.2727393828966
2386,378.5374817753282
2387,379.3000968993502
2388,380.07856791081736
2389,382.99247508310356
2390,385.14642777897325
2391,387.51488970073706
2392,390.36228027584013
2393,390.3495275277039
2394,395.0182585459605
2395,396.0268652049349
2396,397.3121650907725
2397,399.5258661015974
2398,403.15067886271913
2399,403.74157317755237
2400,406.26608110510375
2401,409.0213574996215
2402,411.28238381042127
2403,414.7456656345834
2404,415.43482026331765
2405,417.2234207964008
2406,419.3866612268305
2407,422.1326893418219
2408,424.54091241660683
2409,425.3368269010492
2410,429.08802816454204
2411,431.267454853581
2412,434.240579882702
2413,433.0807332734373
2414,437.9571287386366
2415,439.4466046925451
2416,441.7358205125181
2417,443.89894850545096
2418,445.90509874159875
2419,447.1465545525429
2420,450.290384346465
2421,451.1278718930417
2422,455.78334294857
2423,457.25716433675854
2424,458.6563078635467
2425,459.23304576255146
2426,464.5836559127223
2427,466.6798492878484
2428,467.605870436323
2429,469.08017393001535
2430,473.30377796936665
2431,474.14653564827984
2432,476.1095722388068
2433,476.9697323076733
2434,480.2280350452485
2435,483.3719884294032
2436,484.93289627058755
2437,486.3700322808227
2438,490.04181871268963
2439,491.9399358163112
2440,493.79013765648483
2441,494.92817669345703
2442,498.6501795571793
2443,501.7274927539182
2444,502.5526056381311
2445,505.02734531009924
2446,505.8573734844048
2447,508.8681700839605
2448,510.4168638947038
2449,512.7060797146769
2450,515.12160152981
2451,515.2531529445569
2452,517.3667487096361
2453,518.1565372984439
2454,521.7743519945482
2455,523.0398534182191
2456,522.3184660940065
2457,523.227385527859
2458,527.3264129739523
2459,529.0171399348196
2460,529.9077605256184
2461,531.5833150262692
2462,533.8530741424288
2463,534.6548193729766
2464,536.0447217740286
2465,537.8367118414014
2466,540.1759140850779
2467,542.06643177302
2468,543.5484853963474
2469,546.7091871221021
2470,548.044544551665
2471,549.219483765426
2472,550.7231363728442
2473,550.6960833809655
2474,553.3392568049758
2475,552.6949619150876
2476,553.5043065613149
2477,553.6377345327764
2478,553.5776904138972
2479,554.8004925395439
2480,556.346614662197
2481,556.0213537819252
2482,556.8256707005633
2483,557.47715743189
2484,556.6866818224041
2485,556.7758873121486
2486,558.1541061408805
2487,558.334416920613
2488,558.5133901823772
2489,559.5080815955014
2490,560.2552367149576
2491,559.0483057412434
2492,563.3874005415994
2493,562.3445311099131
2494,562.284935167306
2495,562.2326379650474
2496,564.0513703926913
2497,564.5566764044202
2498,564.5550710345681
2499,565.5348341360157
2500,567.5932308812526
2501,566.9563583219456
2502,568.4592380664963
2503,571.5730664421317
2504,570.2403614005993
2505,571.4816158898186
2506,574.8797831260972
2507,576.3692590800058
2508,577.2952802284804
2509,576.5738929042677
2510,577.5360112110152
2511,579.3521719505691
2512,580.4053955473046
2513,582.5967788780836
2514,585.0895167177741
2515,583.9694312615306
2516,587.1931612055969
2517,587.5520504699984
2518,591.0415590239948
2519,592.6058974824907
2520,592.4919989731416
2521,594.7265312474387
2522,596.8474257528665
2523,596.7502755851172
2524,597.4420019019415
2525,598.92890616776
2526,601.4949306306544
2527,603.3455504914516
2528,603.7017543954976
2529,605.636771675908
2530,607.1883806297963
2531,609.5940320164912
2532,609.9247317717193
2533,613.374342498571
2534,613.7773895970879
2535,614.0840888791918
2536,615.615256709749
2537,617.2955251787675
2538,619.1838129369723
2539,621.4099427770739
2540,623.1694573478833
2541,623.1394778256706
2542,624.7660058109375
2543,627.1011217634571
2544,626.9128663057197
2545,628.6596513719214
2546,633.6068905047157
2547,633.4428057191594
2548,633.2867383699067
2549,635.6375554969702
2550,637.7717111998948
2551,639.8634073055518
2552,640.5595058323909
2553,641.9975382957264
2554,644.4130601108598
2555,644.486497362619
2556,647.1576900967457
2557,646.4962288446338
2558,649.8959206019467
2559,651.9635597076883
2560,653.5078699212281
2561,654.3593834073592
2562,656.5662318849527
2563,657.6916388708601
2564,659.5155163713862
2565,659.230913097236
2566,660.4471246978003
2567,663.2945152729035
2568,663.108489744903
2569,665.0426105722131
2570,666.0542611068142
2571,667.3901340105438
2572,670.2551693803473
2573,672.0162546902914
2574,672.9456203897237
2575,673.4601016985159
2576,674.2309490576765
2577,675.2637263888323
2578,678.2994665234366
2579,679.3208026870188
2580,681.1023342625429
2581,681.109254917119
2582,683.0866181225313
2583,684.9206403556841
2584,686.9970352686435
2585,687.4804416209502
2586,690.0125225930383
2587,693.1995947650628
2588,692.62104360949
2589,693.3464692685811
2590,695.2342785943094
2591,696.917406139497
2592,698.0331274964233
2593,699.4850492251896
2594,699.4057798798704
2595,702.3628359956747
2596,702.4354702289179
2597,703.3077042848167
2598,705.5162169361297
2599,706.8272651193247
2600,708.7436287144376
2601,707.8534658798299
2602,709.5598940152411
2603,710.0298757315647
2604,709.6508277587177
2605,709.9775552857777
2606,711.4392799888176
2607,713.3117995090372
2608,712.8649517442213
2609,711.9301719718526
2610,711.8946231111938
2611,711.8576996908764
2612,711.2864472756521
2613,712.2942862140078
2614,712.2387091083929
2615,711.5768930140371
2616,711.137577210736
2617,711.2110144624953
2618,710.063532597627
2619,710.5356679814172
2620,710.2059098316765
2621,710.1753998513432
2622,709.5303320985875
2623,708.6401692639795
2624,708.3572543087098
2625,707.4577925868059
2626,710.4075499622618
2627,707.9251662876202
2628,708.6800683236972
2629,707.5488292442296
2630,708.2295143753267
2631,708.5527917999736
2632,709.239890371055
2633,709.4253895103
2634,711.016128570714
2635,710.3719572710586
2636,709.3179099795213
2637,709.2225717208855
2638,710.5012169967606
2639,709.8741474117273
2640,709.1527600875147
2641,709.3632027618085
2642,710.3754139101784
2643,708.6051519557163
2644,710.2364250320193
2645,711.0294144553493
2646,710.9811360900828
2647,710.5228420154447
2648,711.2083023932262
2649,710.3181395586182
2650,710.6199235506297
2651,711.333543281936
2652,710.8179079071781
2653,710.4503011019042
2654,710.4156486943459
2655,710.3600715887308
2656,711.0953002220956
2657,709.7884410877343
2658,709.9256530495295
2659,709.936592541098
2660,710.5457333474226
2661,710.7434465171084
2662,709.6331640351386
2663,708.3443030684996
2664,708.3712519680319
2665,710.0909413009401
2666,708.1500919269695
2667,709.1750325799471
2668,709.962236396774
2669,708.3564950879852
2670,709.2248805059492
2671,707.1909903426445
2672,708.865648390195
2673,709.6305345269759
2674,708.8992767743248
2675,709.2633224987974
2676,708.3722632110889
2677,709.2741136873826
2678,709.4407122867829
2679,709.7897985769107
2680,712.6763192585397
2681,712.0483532204059
2682,711.9164565433343
2683,712.2198164167291
2684,712.0391603746714
2685,712.7729319411667
2686,712.5485793251567
2687,713.5199965192
2688,714.042050872529
2689,714.259437444927
2690,714.2790876041108
2691,713.721750434737
2692,713.2722136365383
2693,712.9469527562665
2694,713.2485007205482
2695,713.2554213751243
2696,715.5810589394093
2697,715.1892814619546
2698,714.9881729093765
2699,713.1543208880655
2700,713.550069246234
2701,714.3638918330994
2702,714.2262076494612
2703,714.7315136611901
2704,715.3406544675147
2705,715.066209009882
2706,714.9717429677196
2707,714.6480579688316
2708,715.1291933083794
2709,715.5589827671674
2710,715.4972331570939
2711,715.802990846495
2712,714.8334583198637
2713,714.782619653696
2714,716.6057242913546
2715,715.0114241501392
2716,715.9950924163136
2717,716.5915037180305
2718,716.1330860531598
2719,715.8469552794138
2720,714.1286685084137
2721,715.4237713685252
2722,716.3947101300919
2723,716.111918765055
2724,716.5455568617783
2725,716.2202959815065
2726,714.8918509469452
2727,714.0656199375396
2728,713.3015449299719
2729,714.5001763834373
2730,714.1280723086948
2731,714.2015095604538
2732,714.2084302150299
2733,712.9746446780009
2734,711.4862805286366
2735,712.2880257591844
2736,711.8490517142366
2737,711.1945343602292
2738,711.8509363816484
2739,710.2841964469039
2740,710.1489603611233
2741,710.7803541998921
2742,710.0508890275232
2743,709.7680976624863
2744,707.9759360486021
2745,707.8607877131303
2746,708.6383622714968
2747,707.0242636681148
2748,707.9700832787562
2749,707.2343282566362
2750,706.7055453566468
2751,706.4841192709707
2752,705.905568115398
2753,708.0608542879042
2754,706.6927472194745
2755,706.7164162156505
2756,708.6635074830936
2757,705.0554511742691
2758,707.4308569941375
2759,706.3870911093506
2760,706.7306905682435
2761,708.4897267065762
2762,706.3037822507536
2763,707.1412697973303
2764,704.9772250009298
2765,706.2620464542906
2766,705.7014934664405
2767,706.4001636813693
2768,705.2738122860828
2769,705.1945429407635
2770,705.2014635953396
2771,704.0653092257794
2772,704.945142697358
2773,704.6686411820722
2774,704.9978729430577
2775,704.293587333467
2776,703.9431468904168
2777,703.9460487080007
2778,702.8317939978626
2779,702.4221356979779
2780,702.4536450453586
2781,701.7174720026148
2782,702.8894846860419
2783,700.95850574051
2784,702.2959545256231
2785,702.1658697576647
2786,702.9416324069182
2787,701.6867450867342
2788,701.2602210999569
2789,701.8693619062815
2790,700.5805009396427
2791,699.9193642735702
2792,700.4054149032106
2793,700.5607821478945
2794,701.2960107812592
2795,701.9165927551574
2796,700.8683296009017
2797,700.5557982252376
2798,701.1522095269545
2799,702.1403750625977
2800,700.7673527040756
2801,701.3637640057925
2802,700.2534815238225
2803,698.9646205571837
2804,699.6402779606915
2805,697.8946046990343
2806,699.4228459992576
2807,699.7309198410198
2808,699.9596613583674
2809,698.6708003917286
2810,698.9893327253399
2811,699.3526055869447
2812,700.0509340435206
2813,699.7079159310517
2814,699.1499346312917
2815,698.1061687465049
2816,698.0041032886629
2817,698.05786713771
2818,698.0546299757682
2819,698.2460772064112
2820,698.4989893959398
2821,699.027987647373
2822,697.7391266807342
2823,696.4629952187033
2824,697.0594065204202
2825,696.8628051552785
2826,697.7888263037532
2827,698.600716266928
2828,698.2521811675754
2829,697.4853977977939
2830,698.2009530284463
2831,698.9204545068474
2832,699.3641592114859
2833,699.0585717339263
2834,700.5075669323585
2835,699.991513536977
2836,699.7734268600097
2837,700.6358579416353
2838,700.8052881675635
2839,700.3711647651066
2840,701.7624006427955
2841,701.2204882563519
2842,702.2257555066174
2843,699.9376514911887
2844,700.9187480692731
2845,699.8250632149477
2846,701.9881912078806
2847,699.6683171045913
2848,701.3895045873908
2849,701.3722545697856
2850,700.8277704952523
2851,699.3713912325843
2852,700.3851543516298
2853,700.0795668740702
2854,699.3304282989891
2855,700.2344324427488
2856,698.6330633439745
2857,700.5113670014755
2858,699.9577593809518
2859,699.2363720567389
2860,697.8800980398166
2861,698.4286464296481
2862,698.6829331788351
2863,700.909651238617
2864,699.4897871548455
2865,697.9230472201011
2866,698.6564639443525
2867,699.3916925777173
2868,698.9999151002623
2869,699.9088345341147
2870,699.0137564094146
2871,697.8245826678976
2872,699.4884288505771
2873,697.6962672366928
2874,699.2405774502326
2875,699.2474981048088
2876,699.640387386808
2877,697.903060032555
2878,698.4876121460748
2879,698.9152479373965
2880,699.4205539491254
2881,699.655585316224
2882,699.6866766429812
2883,701.1560007617009
2884,698.4303339143205
2885,698.4540029104965
2886,699.6211003038309
2887,699.1766954946236
2888,698.6897280615156
2889,699.6481521173102
2890,698.9666626202422
2891,699.5091632391509
2892,698.8840325227486
2893,698.0634620603917
2894,698.7986906937565
2895,700.0712610749863
2896,699.064813387612
2897,700.789239690746
2898,698.0575845777955
2899,699.8170991486049
2900,700.3996211848912
2901,698.8915110435712
2902,700.0635237269983
2903,699.148293767109
2904,699.5119214709578
2905,699.4946714533526
2906,699.5633702656646
2907,700.2464499997534
2908,700.2873443007843
2909,700.938831032111
2910,700.2770149377552
2911,701.2863944595972
2912,701.2677175307713
2913,703.5520180606516
2914,702.8103018161517
2915,703.3569448622852
2916,703.4127373193442
2917,703.6231799936379
2918,704.1884767250692
2919,703.1944790958657
2920,702.9321339964085
2921,702.8967087259825
2922,704.3162645891189
2923,705.7699982269987
2924,704.0644409606064
2925,704.3246518904832
2926,706.2515913227373
2927,705.4807891159637
2928,706.3897085498163
2929,706.4828192042876
2930,706.0668710546515
2931,705.8874964635866
2932,705.4755671509427
2933,705.1325490384738
2934,707.3670813127708
2935,706.4104018809799
2936,706.417322535556
2937,705.8643689633855
2938,706.1413282348624
2939,706.1482488894383
2940,706.3459620591243
2941,705.7879807593642
2942,706.2932867710931
2943,707.4919182245587
2944,705.6800832079623
2945,705.9744448693923
2946,705.6742511144021
2947,706.7407648295141
2948,706.2627973521637
2949,707.1449018365015
2950,705.8812850802426
2951,706.8561780312002
2952,705.6392644260038
2953,705.7606580242327
2954,707.952844373528
2955,706.7132732299958
2956,706.7124771235997
2957,708.6296135815801
2958,708.2067215338395
2959,707.6478437809792
2960,708.2320040105651
2961,708.0984691401936
2962,708.046171937935
2963,706.4178306960998
2964,705.5227525713995
2965,706.1615097981182
2966,706.7086312767287
2967,707.8905143885943
2968,708.227044889928
2969,707.5819771371721
2970,707.858936408649
2971,707.5169271867774
2972,707.2109863361957
2973,707.5844170143182
2974,706.8359324875903
2975,707.1325651617794
2976,705.6578269701233
2977,706.1631329818522
2978,705.7047153169815
2979,706.0241441036931
2980,705.3198584941024
2981,706.8905693095605
2982,707.5238807880662
2983,705.5732284398218
2984,705.5559784222169
2985,706.6185869726021
2986,708.1006405959297
2987,707.4086926070129
2988,708.2629284951895
2989,706.770545508833
2990,706.9613147804146
2991,709.1406480348692
2992,707.6350119718261
2993,707.5995867013999
2994,708.6473234669004
2995,708.9075343967772
2996,710.7997273197091
2997,708.6713012491045
2998,708.8988456380202
2999,708.4073809354434
3000,709.901354158821
3001,709.7792604560229
3002,709.786181110599
3003,709.9966237848926
3004,709.1488068752867
3005,709.3346608567756
3006,708.9301538747129
3007,709.8714762158854
3008,708.9439951838651
3009,709.1790265509635
3010,710.4253700460888
3011,709.3718011870285
3012,708.6851603721382
3013,708.5898221135024
3014,709.7868776855842
3015,708.8967148509762
3016,707.2634583190486
3017,707.8484284531921
3018,707.3279914606069
3019,707.4014287123662
3020,707.408349366942
3021,706.2980668849723
3022,706.9186488588703
3023,706.656303759413
3024,705.3127592470987
3025,707.5883039697612
3026,705.806085373559
3027,706.0362014505647
3028,706.0574223488834
3029,707.1150295428222
3030,706.271926601584
3031,706.9760406646631
3032,705.2210685157097
3033,705.6316025924093
3034,706.1369086041382
3035,706.3670246811441
3036,706.4453772229958
3037,705.820461305429
3038,706.1304676146119
3039,705.8052067343401
3040,705.745610791733
3041,706.4085386906331
3042,705.3607539688539
3043,705.36767462343
3044,706.0433320269378
3045,705.4563784371696
3046,706.7387517926732
3047,705.7579016887009
3048,706.4368985009178
3049,707.2583171341778
3050,706.2810678465742
3051,705.4957486971593
3052,705.0414734595136
3053,705.4047463211184
3054,706.5368611774009
3055,705.0444781910444
3056,704.6527007135894
3057,704.6098531125822
3058,704.9365806396424
3059,705.2135399111191
3060,705.5500704124529
3061,706.0203938871296
3062,705.0361992321998
3063,703.9161137759563
3064,705.89812863782
3065,705.9631634553837
3066,706.4975554293865
3067,707.3350429759632
3068,706.9805836959208
3069,705.5370725120472
3070,707.4570680461968
3071,706.8550413498183
3072,707.6948724983977
3073,708.7027114367531
3074,709.4602988331856
3075,708.8408286638321
3076,707.9748365014052
3077,708.9453572423483
3078,708.376578905401
3079,708.321001799786
3080,708.979910861694
3081,709.5225350708354
3082,709.2810160926015
3083,709.865986226745
3084,708.7700714426828
3085,709.3524698887361
3086,708.5024230493932
3087,708.3532976981817
3088,709.1184845102939
3089,709.4550150116277
3090,709.5989410887382
3091,709.0437575868307
3092,709.5074905364252
3093,707.9538981269122
3094,709.1891503107295
3095,709.1708914025271
3096,709.3166293887507
3097,707.9930219127896
3098,707.8840125568431
3099,709.0211551407151
3100,710.0688919062152
3101,709.1787290716074
3102,709.4202863161868
3103,709.6307289904805
3104,706.7531343279109
3105,708.324199985613
3106,707.6415780077148
3107,707.9319208321526
3108,708.2832370520175
3109,708.2901577065936
3110,706.8673670924882
3111,706.637421227324
3112,707.1676707741017
3113,706.6193688583826
3114,708.1370343214644
3115,707.9912483789619
3116,708.5876596806788
3117,708.0050896881139
3118,708.0459538334965
3119,708.9887233235709
3120,709.7960789755866
3121,710.4293904540923
3122,709.8099202847386
3123,708.267769042799
3124,709.5047275842744
3125,709.7020227333367
3126,709.8755652308414
3127,709.3269688847313
3128,709.1910533706675
3129,710.6684792482515
3130,710.0410562901959
3131,710.5887082269269
3132,710.1790499270421
3133,710.8548309207827
3134,709.2999501742352
3135,709.632461838577
3136,709.8746746007312
3137,708.9220140059324
3138,709.232143905348
3139,710.9515424808924
3140,710.8959653752775
3141,709.5051872537797
3142,708.741112246212
3143,709.1966500023577
3144,709.8979049892675
3145,710.361637938862
3146,711.2378908317535
3147,710.11780537551
3148,710.7767144374177
3149,711.3829287134083
3150,711.8571201548516
3151,712.964646318329
3152,712.724241961316
3153,712.9461258031831
3154,714.0135359713956
3155,713.7128637839287
3156,713.3634322314758
3157,713.179560370942
3158,713.2371728579242
3159,713.742478869653
3160,713.7366700196214
3161,714.4960693251671
3162,713.4133020663364
3163,713.2832172983778
3164,715.4935789004937
3165,715.0422301931821
3166,713.4211876916954
3167,713.3615917490883
3168,714.1285904703138
3169,715.3753519860627
3170,714.0808304723753
3171,714.093411674
3172,714.2333655229424
3173,713.5119781987298
3174,713.0800847260098
3175,713.4857035126167
3176,713.7377192490449
3177,713.1424197518722
3178,713.5488114013472
3179,712.0731767565906
3180,711.3517894323777
3181,711.4350296584107
3182,710.8397301612381
3183,712.191191802015
3184,710.2886695160544
3185,710.8604921249664
3186,711.0201193766209
3187,712.531258962222
3188,710.6840219187279
3189,711.6728415027246
3190,710.8856170096124
3191,710.8561159198762
3192,710.9375442367957
3193,711.3431630234027
3194,711.4761715050186
3195,711.7006270349759
3196,712.8768997253735
3197,712.8838203799496
3198,713.2868674784665
3199,714.2819769122143
3200,713.4275563936355
3201,713.9238624496068
3202,713.6713203244233
3203,712.4482030920999
3204,713.793251292893
3205,713.002775683407
3206,712.9501251081263
3207,711.8115226407085
3208,712.0245370030923
3209,713.0353735918038
3210,712.4666928646698
3211,712.8159528706112
3212,712.4665213181584
3213,711.7027880689436
3214,713.6545522217323
3215,713.7653076709041
3216,712.1647176799374
3217,712.300174259411
3218,712.2803525537158
3219,710.7452702693352
3220,712.1689090543439
3221,713.0610801465964
3222,712.6089585764169
3223,712.4229330484166
3224,711.6368410361342
3225,711.2278382538243
3226,711.504921115534
3227,711.8440233049578
3228,711.0027322728329
3229,713.1756632400395
3230,710.0529734956178
3231,711.678341720062
3232,711.725378369903
3233,712.3217896716199
3234,712.137917811086
3235,712.3908300006146
3236,712.0236412159645
3237,710.5430912811155
3238,711.6807122974637
3239,710.6468168411157
3240,711.0327622250104
3241,712.3534626685239
3242,712.7590814551309
3243,712.7660021097067
3244,712.5196324889821
3245,711.3597858797173
3246,711.2829646322552
3247,711.1958534665091
3248,712.1909629002571
3249,711.3625249629727
3250,710.4481914561838
3251,710.816492045378
3252,710.311356245491
3253,708.5287828070448
3254,708.0742182812569
3255,708.4671075632561
3256,708.008813488618
3257,708.414432275225
3258,707.6835293648178
3259,708.0649774792437
3260,708.6741182855683
3261,708.1029894605767
3262,708.1197130894263
3263,708.1365041724412
3264,708.7855428059104
3265,707.9354959665677
3266,707.5437184891127
3267,708.8464207649035
3268,709.8941575304038
3269,708.8179161490536
3270,708.3264514464768
3271,709.0111088057422
3272,708.4088654104651
3273,708.1456238579076
3274,708.5754133166959
3275,708.6734392612598
3276,707.6721428917078
3277,708.4172419535112
3278,707.2236960019798
3279,707.9347539631633
3280,705.7131665449178
3281,705.9083194137024
3282,706.8369122502672
3283,706.5313247727079
3284,705.383852825807
3285,703.9413888089891
3286,703.4253354136074
3287,703.144992146428
3288,703.235654703042
3289,703.5372026673238
3290,702.0326056505262
3291,702.8950367321515
3292,701.980285204739
3293,701.963035187134
3294,701.3844840315614
3295,700.3747592473942
3296,699.7926072754533
3297,701.0091195513487
3298,700.5083559614759
3299,699.9061125661988
3300,699.7262595426571
3301,700.3186520073816
3302,699.1159810406384
3303,698.4285673628806
3304,699.146694281623
3305,697.9998664651082
3306,699.3275122759478
3307,698.3457657188753
3308,698.0206284288365
3309,698.3172611030254
3310,699.0226585171604
3311,699.540694033497
3312,698.5352552367201
3313,697.9024015144053
3314,697.4130904792949
3315,697.6108036489809
3316,698.0262254098616
3317,697.8742409824808
3318,697.5003443274559
3319,698.5830457703989
3320,697.1526821117568
3321,698.2843789474155
3322,697.7980655626607
3323,695.9263044739637
3324,696.4512838884048
3325,697.5239641889536
3326,691.2315751739923
3327,691.1956714710896
3328,688.8173586187734
3329,691.2435798612808
3330,692.6363211008211
3331,693.7600268713193
3332,695.1077604324678
3333,695.8700862683474
3334,695.4319906377225
3335,697.4293015500355
3336,697.4859904601947
3337,697.4263945175876
3338,698.433430437427
3339,698.3537430714839
3340,698.5664156755147
3341,699.1408099725168
3342,698.6159993006956
3343,698.5100852049184
3344,700.0517100581026
3345,698.6170878617115
3346,699.6420285146892
3347,700.2041717395605
3348,699.7890266084405
3349,700.6697565331194
3350,699.695078933606
3351,699.3033014561511
3352,699.5762418906356
3353,699.2509810103638
3354,698.8010893699216
3355,698.8080100244974
3356,699.4004024892222
3357,699.1540328684973
3358,697.2365511481919
3359,697.8584214591242
3360,698.0337758657424
3361,696.8135851637533
3362,697.4724942256612
3363,697.8156152520771
3364,696.4553223981627
3365,696.9413730278029
3366,697.0607104121086
3367,696.8670355773011
3368,696.6180942684862
3369,695.6393978319804
3370,695.1479331294036
3371,694.9227774948774
3372,694.9665983262423
3373,696.1904093424864
3374,694.1873033783031
3375,694.1518781078771
3376,693.1166080918704
3377,693.233889418523
3378,692.6068198334897
3379,693.3650627474974
3380,692.9224698474031
3381,692.0081363406143
3382,691.7744962244972
3383,690.6808113701718
3384,690.2225172955336
3385,689.8307398180787
3386,691.4699973079535
3387,689.9278460660137
3388,689.2660299716581
3389,690.7595247625588
3390,690.9298514415877
3391,689.220275338203
3392,689.4972346096799
3393,689.7741938811566
3394,690.1005665659729
3395,690.37273413759
3396,691.6974534180956
3397,691.0622560937784
3398,689.9706272971059
3399,690.2475865685826
3400,690.8439978702995
3401,691.5792265036644
3402,689.984926362449
3403,690.594721217127
3404,690.4570370334891
3405,691.2349533502088
3406,690.4995531703325
3407,689.7596488349461
3408,690.7547582686939
3409,692.8815015590046
3410,691.2937272952702
3411,689.7771736367326
3412,689.5889181789953
3413,689.9506928907088
3414,690.6558266712027
3415,689.3322191952414
3416,689.4495005218939
3417,687.348371506308
3418,688.5465849391501
3419,688.1306367895138
3420,687.4855690367581
3421,688.2898859553959
3422,688.2544606849701
3423,688.0926058291509
3424,688.0321134334433
3425,688.3346702883223
3426,687.62835607072
3427,687.2215054866547
3428,688.143154425115
3429,687.9389536442939
3430,687.4056734748356
3431,686.3023363601917
3432,686.8750554222042
3433,688.3983814323349
3434,687.491116883105
3435,686.846049130349
3436,687.2278506177972
3437,687.5951423163945
3438,685.2960755658689
3439,687.7879169524592
3440,686.2041926483853
3441,683.3679350202206
3442,683.7412167281805
3443,686.271508793013
3444,685.2385097897654
3445,687.0645409577578
3446,689.4731188747867
3447,688.0366766484722
3448,690.5837170549048
3449,691.2667967889938
3450,691.8268233880885
3451,691.1899508287815
3452,692.3639935894423
3453,690.6302468138767
3454,692.6903430307298
3455,692.1988783281531
3456,693.0363658747299
3457,691.2143730416158
3458,691.6955083811636
3459,691.3829770054995
3460,692.0586344090073
3461,692.5479950976523
3462,691.7897075966509
3463,691.3573961033071
3464,691.6369270628741
3465,690.3238954240542
3466,691.2626460771367
3467,693.0715755305068
3468,693.13806741494
3469,689.3875599353678
3470,692.406758969119
3471,690.8879753808444
3472,691.4774427844568
3473,689.9736186305272
3474,691.4374970010335
3475,691.4316881510017
3476,692.5656149163974
3477,690.882439414931
3478,690.8387887954079
3479,691.1157480668849
3480,691.7248888732095
3481,691.6767340981758
3482,691.0941641056108
3483,690.3991773833163
3484,691.0719082564901
3485,690.7831625551148
3486,690.5122042415853
3487,690.2740298143092
3488,689.9926130089309
3489,690.6200526583091
3490,690.3978537097655
3491,690.0060762323105
3492,689.0006374355335
3493,688.935257355645
3494,688.1662670579847
3495,688.9589016390707
3496,687.8893874569264
3497,687.2300194604281
3498,688.4812782456459
3499,687.5665267182333
3500,687.3274558378569
3501,689.4064224389065
3502,686.7763951926729
3503,686.4507794701574
3504,686.1214997528932
3505,685.230440465185
3506,686.1922053989103
3507,685.2355259671194
3508,686.3694527325149
3509,686.965864034232
3510,684.8174738035514
3511,686.3774851916355
3512,685.8614317962538
3513,685.1122932211726
3514,686.6017691750812
3515,686.6328605018382
3516,685.9212761518993
3517,684.1587309584095
3518,685.7323683042014
3519,685.2535043737507
3520,686.6834090978025
3521,687.3521211339839
3522,685.8839088198085
3523,684.7601291126123
3524,685.5187253996421
3525,684.6709084900363
3526,685.4291514040438
3527,684.7014981407881
3528,685.905280912076
3529,684.0466027010086
3530,680.8358176129939
3531,681.3055117849683
3532,682.7329684111626
3533,682.3128778343016
3534,684.3591522398888
3535,686.5316651864716
3536,686.3332519122171
3537,686.867885056198
3538,688.4042042045776
3539,688.0789433243058
3540,689.2529860849666
3541,689.2599067395424
3542,689.1337941997522
3543,689.7726750167039
3544,690.7257933676935
3545,689.4428936234347
3546,691.2930954636083
3547,690.3167426291052
3548,691.552928307713
3549,691.5598489622889
3550,692.4215071810468
3551,691.5978609436222
3552,692.1464093334534
3553,691.2553500457452
3554,692.3387055370415
3555,693.0810031279655
3556,692.2770302932529
3557,691.9277223310328
3558,691.9971407457999
3559,692.14017036981
3560,691.7912172498336
3561,690.5705481153677
3562,691.210201795187
3563,691.2367958524753
3564,690.9909046642272
3565,689.6104599751236
3566,689.6173806296997
3567,690.0233542585506
3568,689.2777962621569
3569,689.0555973136134
3570,689.1220891980463
3571,689.6478414753551
3572,687.7140610589436
3573,688.656392290713
3574,686.536067978973
3575,687.6458240721877
3576,686.9486074201561
3577,686.889011477549
3578,686.8959321321252
3579,685.9146640075294
3580,683.2878525797721
3581,683.6510018511442
3582,685.3923000861109
3583,685.111301301356
3584,683.9009135736405
3585,682.2824427602441
3586,683.2458945436281
3587,681.969763081597
3588,681.0616020792668
3589,681.7303141154482
3590,680.4771954648384
3591,680.772806952391
3592,681.3963154566231
3593,682.9252122744215
3594,684.2982728992893
3595,684.5364668244515
3596,685.9204039617916
3597,685.6389871564134
3598,684.5330581159985
3599,684.453788770679
3600,685.5613149341566
3601,685.5924062609138
3602,685.2917340734468
3603,685.8786397069364
3604,686.011866356673
3605,685.3540690993093
3606,686.9235640178763
3607,686.5359289676464
3608,687.4845500491674
3609,687.8802984073357
3610,686.8888724662224
3611,685.9696236693408
3612,686.0545020886734
3613,684.7783706266423
3614,685.2339083827881
3615,686.1625012193529
3616,685.2481677125638
3617,685.371496810139
3618,684.0952417578751
3619,683.9113698973413
3620,685.7344745349997
3621,685.2280503980783
3622,685.2941889094891
3623,684.4236994775933
3624,686.0560116001418
3625,684.9359261438983
3626,684.8141872833442
3627,685.0246299576379
3628,684.5927364849179
3629,685.4967406286776
3630,683.8782698152813
3631,683.8851904698574
3632,683.9515587640576
3633,685.1922417121341
3634,684.3002669684131
3635,684.7457835821647
3636,684.4529256092128
3637,684.447116759181
3638,684.533283515548
3639,684.0026887064453
3640,684.9414393595275
3641,684.8621700142082
3642,684.4644683560634
3643,683.702965036586
3644,684.8602594556467
3645,684.0124425460408
3646,681.4874959215801
3647,681.8951707658402
3648,682.254714078595
3649,682.8229358711387
3650,683.4329731305638
3651,683.0979092760183
3652,684.8336381725387
3653,684.7583876642116
3654,685.9156820832725
3655,687.4460770509622
3656,686.2858755994534
3657,685.3540223574187
3658,687.2391463227914
3659,685.9630148607603
3660,687.0404091296771
3661,686.3711707047398
3662,688.5960235949963
3663,686.325564374268
3664,687.0366223354513
3665,685.3935628292502
3666,687.8188876186571
3667,687.9869843679489
3668,687.3916848707763
3669,687.1950835056348
3670,686.6174288031625
3671,687.2216543193945
3672,687.4617134140824
3673,685.9820599323336
3674,686.4256410467394
3675,684.4076992384444
3676,685.3117033822041
3677,685.699919778858
3678,686.004980867662
3679,683.7369050971897
3680,685.223455989986
3681,684.1637146264668
3682,685.2593143038525
3683,684.280617867347
3684,683.888840389892
3685,683.3549061720803
3686,683.3372381338515
3687,683.7143026510741
3688,682.1795737397156
3689,682.8927853683656
3690,681.4749100443528
3691,682.5325172382916
3692,681.5014808581125
3693,680.3214824136589
3694,681.8774749647505
3695,681.4359292317124
3696,681.1728112693877
3697,681.0756611016384
3698,680.118085216747
3699,678.1154576850406
3700,677.7227837544851
3701,677.8275797250697
3702,678.4065009449876
3703,678.6667118748644
3704,680.3930558177351
3705,680.4587763085221
3706,681.2414196775001
3707,681.7643704839293
3708,680.5777684305026
3709,682.3253565152204
3710,683.2011711498069
3711,682.8759102695351
3712,682.1047546897391
3713,681.5102280554343
3714,682.0155340671633
3715,680.8593514526469
3716,680.6754795921131
3717,683.9183524807709
3718,680.8504969959806
3719,679.9603341613729
3720,680.5123696953074
3721,677.6363509141213
3722,675.969568912011
3723,674.7299977684788
3724,673.7156826061771
3725,672.9532828335991
3726,667.5721914852102
3727,666.9013754350967
3728,665.0571745528705
3729,663.4474595466918
3730,661.9249817074644
3731,659.9867040215838
3732,657.3193585779379
3733,655.6598753161759
3734,654.2039140741317
3735,651.349794952368
3736,650.4793055204725
3737,650.0875280430175
3738,647.3645835976829
3739,648.1663288282307
3740,644.6188649358996
3741,644.1693281377009
3742,644.2358200221338
3743,642.0781955517589
3744,642.085116206335
3745,641.2408535042737
3746,641.5094668683462
3747,639.4095950671262
3748,640.4218062154964
3749,638.857637968842
3750,637.7639531145164
3751,635.2647276636908
3752,635.2843778228746
3753,635.0636057855518
3754,633.0719409889421
3755,632.8255713682172
3756,631.9354085336095
3757,632.1627231397358
3758,630.8945444664064
3759,628.827607265396
3760,628.7738420688943
3761,629.3066633037622
3762,629.0934643109761
3763,628.6019996083992
3764,629.9222820312889
3765,628.7524283194618
3766,629.0791558465221
3767,627.4908169276866
3768,627.6885300973724
3769,628.0447340014184
3770,627.872303308458
3771,626.9323722182669
3772,627.4336593930036
3773,624.6033259455289
3774,623.6911461062064
3775,623.3681151556716
3776,623.3947092129599
3777,624.0152911868579
3778,622.6013814394248
3779,621.0636137946885
3780,619.4209723091108
3781,618.0494084866798
3782,616.9921453766665
3783,615.1207376609914
3784,614.4756699082354
3785,613.3683139565996
3786,612.8592044593224
3787,612.5266448387024
3788,611.5147663870689
3789,612.9853719567811
3790,611.2132980932056
3791,613.2555793163019
3792,612.4162319043332
3793,614.374941424448
3794,614.3267866494143
3795,615.1022548682768
3796,616.3604575515992
3797,617.9819578092768
3798,616.8549269857069
3799,619.4338548252931
3800,619.7283400769559
3801,621.596185242608
3802,622.450029246851
3803,623.4411198436067
3804,625.0360013312459
3805,625.5900667079607
3806,627.0346896963786
3807,628.4260491642999
3808,629.378812673046
3809,630.8653620966204
3810,634.3631606473157
3811,636.1051540136575
3812,634.3643960420927
3813,637.594539426143
3814,638.7805649652335
3815,638.90854571926
3816,642.288209231617
3817,640.9744047299293
3818,642.0285549354137
3819,642.9987208341129
3820,643.9672114978223
3821,643.8320990022744
3822,645.9152080305489
3823,645.776365986151
3824,647.1562842864989
3825,646.3564538790115
3826,647.2203420275064
3827,647.0524717823946
3828,647.8997623032451
3829,648.2679504549426
3830,649.7254716778034
3831,650.0887445394085
3832,649.8848444339183
3833,648.250428297438
3834,650.3856862249881
3835,649.1773547111961
3836,651.0929765661097
3837,649.9833463887003
3838,649.5197163530529
3839,649.6794671949403
3840,648.8554661152718
3841,649.1347789067183
3842,649.664673611252
3843,649.2113249823551
3844,650.0581114162278
3845,648.5032306696805
3846,648.3016015769495
3847,646.713673792696
3848,647.6615220113495
3849,646.6104573862142
3850,646.2072950335241
3851,646.8080899324443
3852,648.3788007479025
3853,644.8908824309271
3854,645.530566266395
3855,646.1820529977215
3856,645.5794547602004
3857,645.5646459544114
3858,644.0141488050674
3859,643.5153853621421
3860,642.4217005078167
3861,642.2250991426752
3862,642.9220006880298
3863,640.7097121570805
3864,640.3157923993483
3865,639.3301972043403
3866,636.5635825561963
3867,636.5543169521629
3868,636.038681577405
3869,636.0697729041622
3870,633.6814101224693
3871,632.8328203499957
3872,632.9308462945598
3873,630.3198596315794
3874,629.3981339498578
3875,628.5653124153698
3876,628.0247335055631
3877,626.5492224510392
3878,624.7562019079335
3879,623.8581972528991
3880,624.2708849970652
3881,623.1870031170133
3882,622.3210109545867
3883,623.1052996282685
3884,621.0797847754368
3885,620.3876571293115
3886,618.3788906180796
3887,617.5303008456062
3888,617.4133636028794
3889,615.7915482385249
3890,615.9111830851475
3891,614.0394219964501
3892,613.3370129435743
3893,613.0738949812496
3894,611.1488703720561
3895,610.7497941542526
3896,610.9679837451667
3897,609.9118531159836
3898,608.4608071640318
3899,605.1856180632788
3900,603.4399448016213
3901,603.3803488590142
3902,602.3566487430626
3903,603.3493100789531
3904,603.2483483149583
3905,602.154663460633
3906,599.067823919381
3907,599.7683060434233
3908,598.2094064598839
3909,597.9872075113401
3910,596.7492184941318
3911,596.5225222761192
3912,594.5805132975959
3913,593.6831641601364
3914,592.2076531056127
3915,593.0119700242508
3916,592.0585365665843
3917,592.7726446483348
3918,590.5355299276291
3919,590.1448561440216
3920,587.4797817131343
3921,587.5956884801285
3922,583.5316228948016
3923,583.531244809029
3924,583.3543168465997
3925,582.5106423642189
3926,581.0931318004173
3927,581.8777753163429
3928,580.3228945697956
3929,579.2313633829367
3930,579.5343684140878
3931,578.6192620444313
3932,576.9734047403774
3933,576.1840328247388
3934,576.240721734898
3935,574.4195319203
3936,574.1604327949674
3937,573.7065223175327
3938,573.1767305269461
3939,570.9077283730874
3940,569.6731699731906
3941,570.6642605699462
3942,567.9633896561177
3943,567.1398670089256
3944,564.7243245175066
3945,562.3962295662675
3946,560.941818825677
3947,562.9728290802566
3948,561.1684810418428
3949,561.074045155329
3950,560.3026714074128
3951,560.5289388464832
3952,560.1464602563244
3953,558.208182570444
3954,557.5631148176883
3955,556.0126176683443
3956,555.545977686302
3957,555.0884866301799
3958,554.1402096325844
3959,551.912219927091
3960,552.7033893204975
3961,550.1734673200099
3962,548.2107748134085
3963,544.7825784402455
3964,546.4223775409766
3965,547.4353677971546
3966,546.4205742023762
3967,544.0680079036247
3968,543.6181162631822
3969,542.5836492656915
3970,541.5561261663054
3971,541.2432399483973
3972,540.5724238982841
3973,540.2182006459714
3974,538.8719983792128
3975,536.9391965971938
3976,536.8259837610681
3977,535.3709189721242
3978,534.3802960495268
3979,533.7849965523544
3980,531.9409192603605
3981,531.5657394105501
3982,527.0479054058312
3983,526.4343105039818
3984,527.5613593562164
3985,527.2982413938914
3986,525.8390005744095
3987,526.5063120705131
3988,524.5680343846325
3989,522.6728409946686
3990,523.1348185619413
3991,523.6564249643604
3992,521.0582851512802
3993,520.3290560066409
3994,518.9820808770146
3995,518.5693900886922
3996,517.0689035996786
3997,515.5184324307543
3998,516.7456181536043
3999,514.9334282947639
4000,514.2047422302028
4001,512.0272002085758
4002,510.8754011912628
4003,509.0563910245507
4004,510.65887192786937
4005,512.6471828844246
4006,516.4405325154898
4007,525.3750641637228
4008,779.1000870835717
4009,940.8946524239602
4010,909.7177546577129
4011,793.9899174919976
4012,734.9452940837898
4013,689.3412287717681
4014,581.796652752329
4015,558.1739382675155
4016,497.38455197537496
4017,451.0210314981957
4018,506.2585882922044
4019,501.5133977295022
4020,464.4118905149779
4021,432.29224896296
4022,416.65164091777723
4023,402.13864142636186
4024,424.13912286502176
4025,378.78612623432434
4026,330.07325862884585
4027,311.28070948550493
4028,301.47609674530895
4029,273.573543546117
4030,260.304611614116
4031,251.66594483315455
4032,245.11325522207576
4033,228.9310874345218
4034,174.11936700762774
4035,140.47805566254445
4036,46.756851749075615
4037,13.437802978245351
4038,7.507180009797011
4039,5.294263410913729
4040,4.303667937957599
4041,1.2451113404633531
4042,-1.6888705638360477
4043,-3.646821652428727
4044,-2.856393999221467
4045,-2.617638225521702
4046,-4.569805176833015
4047,-5.884943155157117
4048,-6.638100567230424
4049,-7.094936105777435
4050,-9.152639067093588
4051,-9.394380942075188
4052,-11.717330820432252
4053,-9.541237295161991
4054,-10.968045277037959
4055,-13.973403001637237
4056,-13.678144887106797
4057,-14.115725043565291
4058,-16.050067308514443
4059,-18.738656894007427
4060,-18.448314069569605
4061,-19.11707406202983
4062,-20.777823502533735
4063,-22.46099900400013
4064,-23.182386328212743
4065,-23.058665346703634
4066,-24.505652287491117
4067,-25.152585209772745
4068,-24.69809462068286
4069,-24.577860783276826
4070,-25.266721609936667
4071,-26.417538107795345
4072,-25.756057357797253
4073,-25.815653300404385
4074,-27.399141576748796
4075,-27.560654674214824
4076,-27.09546465775093
4077,-27.1308899281769
4078,-28.098145197109197
4079,-27.783631700490183
4080,-28.42780300014558
4081,-28.35928103847902
4082,-27.37987277927521
4083,-27.864811604371248
4084,-28.75497443897904
4085,-28.127534789600695
4086,-28.545957017513608
4087,-30.00954158594559
4088,-29.761668276742576
4089,-29.110475975806857
4090,-30.89503817401154
4091,-30.94498038707865
4092,-31.857160226401227
4093,-32.12770051930717
4094,-32.40319314399569
4095,-33.0522797337437
4096,-32.41136883955832
4097,-33.17981605714044
4098,-33.490195234559785
4099,-33.483274579983764
4100,-32.51185738594034
4101,-32.88396146068305
4102,-34.64149391053743
4103,-33.45745713120545
4104,-32.805846809646006
4105,-33.78017103613727
4106,-34.92314571356925
4107,-33.55975758670076
4108,-35.704128980388994
4109,-34.73762707643815
4110,-34.65080627171789
4111,-36.00001133108116
4112,-34.356932326993665
4113,-35.51517115543354
4114,-35.01877166487787
4115,-35.51515165754733
4116,-35.52533271759339
4117,-36.35389424511062
4118,-37.05805626446833
4119,-36.43061661509007
4120,-35.502441799149075
4121,-35.894219276604
4122,-37.70348260511033
4123,-37.55774461888655
4124,-37.519053876449725
4125,-36.89652951716405
4126,-37.829038276773865
4127,-37.657360948794896
4128,-37.583923697035694
4129,-37.51036285504378
4130,-39.58040343703371
4131,-38.99781394658264
4132,-38.87725552313728
4133,-36.83017635524109
4134,-37.900493555901406
4135,-37.47070409711325
4136,-39.307482648758516
4137,-39.83783628788282
4138,-39.446106766706535
4139,-40.20984001592122
4140,-39.491713097178625
4141,-39.544010299437296
4142,-39.681393807744165
4143,-39.45026884014101
4144,-39.321632568539286
4145,-40.04301989275187
4146,-40.667935810318745
4147,-40.661015155742696
4148,-41.513623765208315
4149,-40.76852470340504
4150,-41.700377945439804
4151,-41.69345729086378
4152,-42.107251773033376
4153,-40.58868985685112
4154,-40.96079393159377
4155,-41.525961534205386
4156,-41.12034274759839
4157,-41.35893519549808
4158,-41.25446959607752
4159,-42.541176895249905
4160,-41.04189796706763
4161,-42.66036878046408
4162,-42.25474999385709
4163,-43.37302354098735
4164,-42.79862924398515
4165,-43.115179456641386
4166,-42.80848017453749
4167,-41.319004220628955
4168,-41.56939267834596
4169,-42.42778542509306
4170,-43.01035541765792
4171,-44.32123338901138
4172,-42.9340163483149
4173,-42.426138648495765
4174,-43.89435096267104
4175,-42.93514779906866
4176,-43.240735276628186
4177,-42.85478989273338
4178,-44.363529336755846
4179,-43.51167409227169
4180,-43.78173595270094
4181,-43.564349380302744
4182,-44.037933260449634
4183,-44.360622452631276
4184,-44.93046294058843
4185,-44.62867894857715
4186,-45.68626664462978
4187,-44.73350313588389
4188,-44.2929018122248
4189,-45.53684516577145
4190,-44.90982353701686
4191,-43.96120245549598
4192,-44.76696787049072
4193,-43.54818458183624
4194,-45.590297062312445
4195,-45.70765232566312
4196,-46.36946842001886
4197,-45.436137144006736
4198,-45.520321779418666
4199,-45.291998282695104
4200,-45.47768205234229
4201,-45.67428341748388
4202,-44.65902214854705
4203,-45.517414895294124
4204,-45.521935408291526
4205,-46.11723490546406
4206,-46.26500960772515
4207,-46.586128060771955
4208,-47.14902465062451
4209,-45.77890932455011
4210,-45.397879230748
4211,-46.046965820495956
4212,-45.99769924091791
4213,-46.39349555536501
4214,-47.09071220739649
4215,-46.05804854850645
4216,-44.933924757384446
4217,-45.80801867867561
4218,-46.85154339348392
4219,-46.322066709573846
4220,-46.388606550285516
4221,-47.51703791393332
4222,-46.84832587775179
4223,-46.380209330953846
4224,-45.89200503384707
4225,-46.787083158547475
4226,-47.84467085460008
4227,-47.126543935857484
4228,-47.29897462881794
4229,-46.9598724393941
4230,-46.66952961495622
4231,-47.70294663882772
4232,-47.7034483148329
4233,-48.322440051709904
4234,-48.20515872505732
4235,-47.23116984292374
4236,-47.83138463018886
4237,-47.51195584347723
4238,-46.56962461170755
4239,-47.08748991620256
4240,-47.670059908767385
4241,-47.866661273908974
4242,-46.606304923120184
4243,-47.18887491568504
4244,-47.621924779943186
4245,-46.63125220381121
4246,-48.298482382193626
4247,-47.72987559175774
4248,-48.91424771544743
4249,-47.460172319214685
4250,-47.390753904447685
4251,-47.42845018763263
4252,-48.43388898440959
4253,-48.49055839668264
4254,-49.01934129667202
4255,-48.52740891993681
4256,-47.62340477617695
4257,-48.21870427334948
4258,-49.939721544307396
4259,-48.31721239603255
4260,-49.40692355296809
4261,-49.680959110787235
4262,-49.46141887092258
4263,-47.91931558526171
4264,-48.151317508079
4265,-48.758058172824995
4266,-49.23309911984132
4267,-49.68700959727591
4268,-49.656396702995444
4269,-49.56280761604731
4270,-47.36212539797225
4271,-49.02935557635467
4272,-48.12535143259475
4273,-49.10661955719058
4274,-49.033182305431374
4275,-48.632355218684225
4276,-48.950129120773255
4277,-48.15240272721762
4278,-48.00129525505119
4279,-48.44685982508159
4280,-49.52459935632313
4281,-49.59948510443905
4282,-49.49895211938642
4283,-48.17860504889527
4284,-48.570382526350194
4285,-47.628051294580494
4286,-47.4943462123673
4287,-49.45498266131566
4288,-47.56680857537612
4289,-49.45573602629705
4290,-48.47451585797992
4291,-49.441894717144955
4292,-49.84511336217334
4293,-47.97661267894602
4294,-49.40739435821191
4295,-49.98277180298492
4296,-49.913831820694604
4297,-48.51054586668143
4298,-50.06741537298735
4299,-49.23687172451515
4300,-50.060517961939816
4301,-50.05001672867639
4302,-50.2516458214074
4303,-49.20882434599978
4304,-49.61770353807679
4305,-49.358389061300294
4306,-49.75418537574745
4307,-50.31151115793238
4308,-50.4839418508928
4309,-50.14483966146893
4310,-49.178337757518115
4311,-50.2984232137617
4312,-49.05207971863641
4313,-49.5201767675482
4314,-49.34919457094447
4315,-49.91775170784573
4316,-50.74618964513022
4317,-48.9994045789286
4318,-48.605644980518726
4319,-49.07538022273024
4320,-48.689434838835474
4321,-49.877084059318015
4322,-49.814964384899476
4323,-49.63926821992823
4324,-50.22183821249309
